job_title,company_name,company_size,location,salary_min,salary_max,salary_currency,experience_required,skills,job_type,job_level,posted_date,deadline,job_description,benefits,source
[HCM] IT SUPPORT,CMC Technology & Solution (CMC TS),,"Tân Thuan Đông, Ho Chi Minh City, Vietnam",,,,1.0,"['Windows Server', 'Active Directory']",Full-time,Not Applicable,2026-05-31,,"Job Description
Provide troubleshooting and technical support for end-user devices and related hardware.
Administer and maintain the company’s Mail Server, Windows Server, and File Server systems.
Support the configuration, operation, and maintenance of the Domain Controller.
Diagnose and resolve issues related to Microsoft Office 365 applications.
Participate in on-site support and training sessions at client locations when required.
Location: Cu Chi, HCMC
Job Requirements
College or Bachelor’s degree in Information Technology or a related field.
Minimum 1 years of experience in a similar position.
Hands-on experience with Active Directory, Office 365, and ticketing systems.
CCNA, MCSA, or equivalent certifications are an advantage.
Solid foundation and working experience in IT Systems.
Good communication skills in English.
Compensation & Benefits
Competitive salary package with IT allowance.
Annual cash benefit package of VND 9,000,000 for holidays and special occasions.
12 days of annual leave plus 1 additional paid leave day for your birthday.
Full statutory insurance coverage in accordance with Vietnamese labor law.
Premium healthcare insurance package (CMC Care).
Opportunities to join company clubs and various employee engagement programs.
Laptop and necessary technical equipment provided.
Young, dynamic, and professional working environment.
Nộp đơn ứng tuyển công việc này
Họ & tên bạn *
Địa chỉ email *
Số điện thoại *
Thông tin thêm
CV của bạn *
Click để chọn & tải lên CV của bạn
Mã bảo mật *
Nộp đơn ứng tuyển","Competitive salary package with IT allowance.
Annual cash benefit package of VND 9,000,000 for holidays and special occasions.
12 days of annual leave plus 1 additional paid leave day for your birthday.
Full statutory insurance coverage in accordance with Vietnamese labor law.
Premium healthcare insurance package (CMC Care).
Opportunities to join company clubs and various employee engagement programs.
Laptop and necessary technical equipment provided.
Young, dynamic, and professional working environment.
Nộp đơn ứng tuyển công việc này
Họ & tên bạn *
Địa chỉ email *
Số điện thoại *
Thông tin thêm
CV của bạn *
Click để chọn & tải lên CV của bạn
Mã bảo mật *
Nộp đơn ứng tuyển",linkedin
Chief Technology Officer,Olik Global,,"Ho Chi Minh City, Ho Chi Minh City, Vietnam",,,,15.0,"['Scala', 'CI/CD', 'Agile', 'AI', 'Excel', 'API', 'Security', 'Cybersecurity']",Full-time,Not Applicable,2026-06-14,,"CHIEF TECHNOLOGY OFFICER (CTO)
Location
Ho Chi Minh City, Vietnam
1 - POSITION PURPOSE
The Chief Technology Officer (CTO) is responsible for leading the Bank's enterprise-wide technology transformation agenda, ensuring technology capabilities enable strategic growth, digital innovation, operational scalability, and long-term resilience.
The role will drive modernization across:
Enterprise Architecture
Core Banking Platforms
Data & AI Capabilities
Digital Platforms
Engineering Practices
Cloud & Infrastructure Foundations
The CTO serves as a key strategic partner to the Executive Committee in shaping the future technology landscape of the Bank through modern architecture, agile delivery models, engineering excellence, and technology governance.
2 - Key Responsibilities
Enterprise Technology Transformation Leadership
Lead and oversee the Bank's enterprise-wide technology transformation initiatives
Establish aligned technology standards, engineering governance, and architectural principles across all strategic programs and delivery domains
Ensure all transformation initiatives align with the Bank's target-state technology architecture and strategic roadmap
Coordinate cross-functional technology dependencies, risk mitigation, and delivery alignment across squads, tribes, and technology workstreams
Serve as the enterprise technology leader for strategic business initiatives and major transformation programs
Enterprise Architecture & Core Modernization
Lead the transformation of the Enterprise Architecture (EA) framework toward a scalable, agile, and future-ready target architecture
Drive Core Banking modernization and simplification initiatives
Define and manage:
target architecture,
platform integration strategy,
product taxonomy,
transition roadmap from legacy to modern platforms
Establish architecture governance and quality assurance mechanisms across all major technology initiatives
Ensure interoperability across core systems, digital platforms, APIs, and data ecosystems
Engineering Excellence & Technology Delivery
Build and institutionalize modern engineering practices across the organization
Drive adoption of:
Agile methodologies,
DevSecOps,
automation,
CI/CD,
AI-enabled software engineering practices
Establish technology playbooks, engineering standards, and delivery governance models
Promote a high-performance engineering culture focused on:
scalability,
quality,
security,
speed-to-market,
continuous improvement
Data, AI & Digital Platform Transformation
Lead transformation of the Bank's enterprise data platform to enable:
advanced analytics,
AI capabilities,
real-time decisioning,
data accessibility and governance
Ensure modern data architecture, platform scalability, and enterprise-wide data governance
Oversee the technology architecture and engineering direction for digital engagement platforms and customer-facing ecosystems
Drive innovation through emerging technologies and AI-enabled capabilities
Cloud, Infrastructure & Technology Foundations
Define and lead the enterprise cloud transformation strategy
Establish scalable and secure cloud architecture, landing zones, and operational readiness frameworks
Standardize API architecture and integration governance across the Bank
Strengthen technology resilience through:
Business Continuity Planning (BCP),
Disaster Recovery (DR),
cybersecurity governance,
infrastructure modernization
Ensure technology ecosystems are secure, resilient, scalable, and future-ready
Technology Risk & Governance
Maintain strong governance and risk oversight across all transformation initiatives
Establish enterprise technology risk management frameworks and remediation plans
Ensure compliance with:
regulatory requirements,
information security standards,
enterprise risk policies,
architecture governance principles
Monitor technology health, operational risks, and transformation execution quality
Talent & Leadership
Build and lead high-performing technology organizations and engineering teams
Develop technology talent strategies including:
workforce planning,
capability development,
succession planning,
hiring and upskilling
Foster a culture of innovation, collaboration, accountability, and continuous learning
Coach and develop future technology leaders across the organization
3 - SUCCESS MEASURES
Strategic Impact
Technology strategy aligned with business transformation objectives
Enterprise architecture adoption across strategic initiatives
Successful modernization of core technology platforms
Delivery Excellence
Improved technology delivery speed, scalability, and reliability
Successful implementation of Agile and DevSecOps practices
Increased engineering productivity and automation maturity
Risk & Resilience
Strong technology risk posture across the enterprise
Robust cybersecurity, resilience, and operational continuity capabilities
Cloud and infrastructure platforms operating securely and effectively
Organizational Capability
Strong engineering culture and leadership pipeline
Increased digital and technology capability across teams
Sustainable modernization and transformation execution capability
4 - Required Qualifications & Experience
Education
Bachelor's degree in:
Computer Science,
Information Technology,
Software Engineering,
or related disciplines
Master's degree or MBA preferred
Experience
15+ years of progressive technology leadership experience
Minimum 7 years in senior technology leadership roles such as:
CTO,
Head of Technology,
Engineering Director,
Enterprise Architecture Leader,
or equivalent
Proven experience in:
enterprise technology transformation,
core banking modernization,
cloud transformation,
large-scale digital programs,
engineering transformation,
Agile at scale environments
Strong background in banking, financial services, or large enterprise ecosystems preferred
5 - CORE COMPETENCIES
Strategic Technology Leadership
Ability to align technology strategy with enterprise business objectives
Enterprise Architecture & Systems Thinking
Strong understanding of scalable enterprise architectures and modern technology ecosystems
Engineering & Delivery Excellence
Expertise in Agile, DevSecOps, modern SDLC, and engineering governance
Data & Digital Fluency
Strong knowledge of:
cloud platforms,
AI,
APIs,
data platforms,
digital ecosystems,
cybersecurity
Change & Transformation Leadership
Proven capability to lead large-scale organizational and technology transformation
Stakeholder Management
Strong executive communication and cross-functional influencing capability
Risk & Governance
Strong understanding of technology risk management, operational resilience, and regulatory compliance
6 - LEADERSHIP ATTRIBUTES
Strategic and forward-thinking
Calm under pressure
Execution-oriented
Innovation-driven
Highly collaborative
Strong systems thinker
Data-driven decision maker
Passionate about technology excellence and organizational capability building",,linkedin
Junior Quality Assurance,Getz Group,,Vietnam,,,,,"['REST', 'iOS']",Full-time,Not Applicable,2026-02-21,,"JUNIOR QUALITY ASSURANCE
Key Responsibilities
Be responsible for the testing process of all projects.
Analyze the customer requirements, conditions, detailed software functions and design to indicate the requirements for the test plan.
Ensure compliance with established processes.
Design and develop test scenarios and test cases.
Review project documentation as a basis for testing documentation and product understanding.
Review testing documentation, implementation process and testing coverage.
Constantly strive to improve testing methodologies, models and processes.
Log all the bugs and make test reports.
Analyze the changes of request and update the test material (test plan, test cases, etc.).
Requirements
Bachelor or Master Degree in IT, or equivalent experience is required. Any other demonstrated high technology aptitude is desired.
At least 1+ years of software platform development test experience, experience in iOS/Web Application test is a big plus.
Intermediate English communication skills, both written and verbal.
Analytical abilities to grasp the key points from complicated details.
Understanding of software quality assurance methodologies.
Familiarity with the tools, concepts and methodologies of quality management.
Multi-task effectively and able to adhere to schedules.
Good at analytical skills and recognizing problems.
Be responsible.
OUTSTANDING BENEFIT PROGRAMS
Highly Competitive salary
SHUI pay based on full salary
Premium Healthcare Package for Staff and Family Members
Diverse Holidays & Special Events Bonuses & incentives
Family Financial Support - Education for up to 2 kids
Lunch Allowance
Well-stocked pantry with free coffee, tea, and snacks
Internal activities with many experiences: team building, internal events,....
Professional Training and Development Budget
Global Exposure and Traveling Opportunities:
○ Sponsored Trip to Singapore to broaden your horizon and training opportunities
○ Annual company-wide Overseas Rest & Relax Trip
Laptop/Other work support device
WORKING TIME
From
Monday - Friday | 8:00 - 17:30
(1h30 lunch break), flexible to work from home every Friday
WORK LOCATION
8th floor, Vietnam Post Building, 271 Nguyen Van Linh, Thanh Khe Ward, Danang, Vietnam
CONTACT
Application requirement: please send your CV to email
recruit@getz.co
If you are self-leading, eager to learn, dare to fail and willing to take any initiatives and transform it into business impact,
join us now!
Apply
If you are self-leading, eager to learn, dare to fail and willing to take any initiatives and transform it into business impact, join us now!
Apply
If you are self-leading, eager to learn, dare to fail and willing to take any initiatives and transform it into business impact, join us now!
Apply",,linkedin
infrastructure (it admin),Xspera,,Vietnam,,,,5.0,"['Python', 'Perl', 'Azure', 'SQL', 'Excel', 'ITIL', 'Active Directory', 'Firewall', 'Security']",Full-time,Not Applicable,2025-09-24,,"Job Description
Working for xspera, feels like coming home
xspera, a globally operating management consultancy, seek to increase corporate
performance
through
digital transformation
. Xingate, xspera’s digital enterprise platform developed on Microsoft’s technology and collaboration stacks, deliver powerful intra, inter, and cross-departmental solutions for immediate results at affordable costs.
xspera is seeking passionate
Infrastructure (IT Administrator)
who will maintain, upgrade, and manage our software, hardware, and networks.
Resourcefulness is a necessary skill in this role. You should be able to diagnose and resolve problems quickly. You should also have the patience to communicate with a variety of interdisciplinary teams and users.
Your goal will be to ensure that our technology infrastructure runs smoothly and efficiently.
General
Key responsibilities
SharePoint Installation & Configuration
Manage system security, system patching and upgrades
Install and configure software and hardware
Manage network servers and technology tools
Set up accounts and workstations
Monitor performance and maintain systems according to requirements
Troubleshoot issues and outages
Ensure security through access controls, backups and firewalls
Upgrade systems with new releases and models
Develop expertise to train staff on new technologies
Build an internal wiki with technical documentation, manuals and IT policies
Specific
Monitor and manage Network and Office Equipment.
Support developers and office users to solve ad-hoc technical issues & problem
Design and implement Network Topology On-premise and Azure cloud environment
Design, implement and upgrade System: Active Directory, Office 365, Exchange 2010-2013-2016, Skype for Business 2015, SharePoint 2010-2019, SQL 2012-2019, On- premise, Hybrid, and Azure environment, MS SQL BI, and K2
Design and implement SharePoint system topology On-premise, Hybrid, and Azure Cloud
Propose technical solution, do estimates & detail plan for integration in internal & external environment.
Apply MS Intune, PowerShell and ITIL service management.
Requirements
Q
ualifications
Bachelor/Master Degree in Information Technology, computer science, management information systems, or related field required
English certificate of TOEIC 650+ or equivalent
Ex
perience and skill
5+ year experience SharePoint Installation & Configuration including MinRole Farm
Proven experience with configuration of load-balancing and High Availability Infrastructure
Proven experience as a System Administrator, Network Administrator or similar role
Proven experience and knowledge of system security (e.g. intrusion detection systems) and data backup/recovery
Experience with databases, networks (LAN, WAN) and patch management
Ability to create scripts in Python, Perl or other language
Familiarity with various operating systems and platforms
Resourcefulness and problem-solving aptitude
Experience in working in an international environment
Excellent communication skills
Professional certification (e.g. MCSA Microsoft Certified Systems Administrator, MCSE Server Infrastructure, ITIL V4, etc.) is a plus
W
hy Work at xspera
Above market salary compensation, including 13-month pay
Quarterly and yearly performance bonus compensation
Annual performance reviews
Personal development, training, and creative freedom
Ability to participate in customer projects in EU, US & Asia
Work in a global team with highly skilled and motivated people
Spectacular company trips
About Xspera
As a management consulting company, xspera focus on the business goals of our customers. We deliver solutions which help customers achieve their business goals faster. Our enterprise platform, xingate, adapts quickly to our client’s corporate structures reducing their process costs in many areas by as much as 30% -60% through greater transparency, digitization, and process automation. Join xspera today and be part of the digital world of tomorrow",,linkedin
Nhân viên IT Quảng Trị Mạng,Công Ty CP Thiết Kế - Xây Dựng Kiến Trúc Việt,,"Ho Chi Minh City, Ho Chi Minh City, Vietnam",,,,,[],Full-time,Not Applicable,2026-04-22,,"Mô tả công việc
Mô tả chi tiết công việc
Phụ Trách Toàn Bộ Các Hoạt Động Liên Quan Đến Hệ Thống Mạng, Các Trang Thiết Bị Điện Tử, Nghe Nhìn Trang Bị Tại Công Ty Và Cửa Hàng
Đảm bảo hoạt động của hệ thống mạng LAN, Internet, hệ thống máy chủ được thông suốt, ổn định.
Khắc phục các sự cố máy chủ, máy trạm, máy in … và hỗ trợ kịp thời cho người dùng các vấn đề về IT.
Là đầu mối giải quyết sự cố, trực tiếp bảo trì sửa chữa đơn giản cho các trang thiết bị điện tử, nghe nhìn được trang bị tại công ty và cửa hàng.
Thực hiện các công tác bảo trì bảo dưỡng theo định kỳ
Khảo sát và đề xuất mua tài sản khi có phát sinh
Thừa kế và phát triển thêm các qui chuẩn, qui định về vận hành, cấu hình, bảo trì bảo dưỡng, bảo mật thông tin…
Các công tác khác theo chỉ đạo của cấp trên
Chi tiết trao đổi khi phỏng vấn.
Cao đẳng",,linkedin
IT System Admin,"SOTATEK., JSC",,"Quận Cầu Giấy, Hanoi, Vietnam",,,,3.0,"['SQL', 'MySQL', 'Linux', 'Windows Server', 'REST', 'iOS', 'Android', 'Active Directory', 'VMware', 'Networking', 'Firewall', 'Security']",Internship,Mid-Senior level,2026-06-19,,"Job Description
The job holder shall be responsible for IT support (Hardware & Software); IT system management and equipment management, details include but not limited to the below:
Daily follow up IT Helpdesk operation, administrate and maintain PCs, laptops, printers, fingerprint machine, cameras, other IT devices.
Install operating systems & softwares, troubleshoot and resolve PCs, laptops, printers, IT devices related problems.
Explain and support staff for technical problems in the company.
Manage networks servers and technology tools, set up accounts and workstations.
Ensure security through access controls, backup and firewalls.
Build and develop documentation in compliance with company’s and ISO’s requirements (checklists, procedures, internal audits, training purposes,...), especially related to information security.
Propose, purchase and manage licenses, software, equipment and accessories.
Support in preparation of company events like summer trip, year-end party, women’s day,...
Job Requirements
Must have:
Minimum 3 years as a System Administrator.
OS & Core Services: Proficient in Windows Server & Linux; 3+ years operating Active Directory (Production). Familiar with macOS, iOS, Android, DFS, Mail, and Databases (SQL/MySQL).
Networking & Security: Administering Fortinet Firewall; Setup & customization of Squid Proxy; Good understanding of VLANs, routers, switches.
Monitoring & Infrastructure: Setup & customization of ELK Stack (Grafana, Prometheus, Graylog is a plus); Investigating/analyzing EventID & system logs; Managing VMware and NAS storage (Backup/Restore).
Soft Skills: High pressure tolerance; Clear and concise communication; Ability to work independently.
Nice To Have
Bachelor degree or higher, majoring in IT engineering or related majors.
Certification in IT Helpdesk Professional, MCSA, CCNA is preferred
Have strong verbal and written communication, customer service skills, and are able to multitask in a fast-paced work environment.
Good at written and verbal communication in English.
Compensation & Benefits
🎯Flexible working regime and health care:
Flexible timekeeping (from 8:00 - 9:00 to 17:30 - 18:30)
Minimum 14 paid leaves per annum for all employees after probation
01-day remote work per month
A flexitime allowance of 90-180 minutes per month for employees
01 hour paid leave per day for women having children under 12 months
Social insurance, health insurance, unemployment insurance and Bao Viet care insurance
🎯Transparent And Fair Benefits
Saturday & Sunday OFF, Overtime pay is 150%, 200%, 300% as per labor law;
Work performance review 2 times/ year (in April and October)
Bonus Policy: 13th-month salary and Performance-based bonus
Men’s Day, Women’s Day, Children’s Day, Mid-Autumn Festival and other benefits under the provisions of the company
🎯Dynamic Environment And Open Culture
Year-end party, sports day, yearly company trip and quarterly team building,...with a generous budget
Socialize with colleagues through monthly Happy Hour
Monthly allowance when joining clubs: Soccer, Swimming, Yoga, Music,...
Nice & modern working space with young, dynamic & friendly colleagues and free coffee, tea, drinks,...
Flat, open and sharing culture with friendly management team; outsourcing company with product mindset
🎯Strong Learning Culture
Free training courses for technical and soft skills (presentation skills, communication skills, foreign language courses,...)
Account to log in to our online learning system, which contains thousands of valuable lectures (LMS)
Participate in workshops, seminars, tech talk,... with sharing from experts inside and outside the company
Working opportunities with technical gurus who built and operated world-class applications with millions of users.","🎯Flexible working regime and health care:
Flexible timekeeping (from 8:00 - 9:00 to 17:30 - 18:30)
Minimum 14 paid leaves per annum for all employees after probation
01-day remote work per month
A flexitime allowance of 90-180 minutes per month for employees
01 hour paid leave per day for women having children under 12 months
Social insurance, health insurance, unemployment insurance and Bao Viet care insurance
🎯Transparent And Fair Benefits
Saturday & Sunday OFF, Overtime pay is 150%, 200%, 300% as per labor law;
Work performance review 2 times/ year (in April and October)
Bonus Policy: 13th-month salary and Performance-based bonus
Men’s Day, Women’s Day, Children’s Day, Mid-Autumn Festival and other benefits under the provisions of the company
🎯Dynamic Environment And Open Culture
Year-end party, sports day, yearly company trip and quarterly team building,...with a generous budget
Socialize with colleagues through monthly Happy Hour
Monthly allowance when joining clubs: Soccer, Swimm...",linkedin
IT Helpdesk/ IT Support,UNIT Technology Corporation,,"Quận 1, Ho Chi Minh City, Vietnam",,,,4.0,"['Windows Server', 'Adobe', 'Active Directory', 'Networking', 'Firewall']",Full-time,Mid-Senior level,2026-06-07,,"Handle and track user requests, ensuring timely and effective resolution
Provide support to end-users and troubleshoot hardware, software, and network issues
Install, configure, and maintain IT equipment (PCs, printers, scanners, fax)
Support office applications: MS Office, Outlook, Adobe Acrobat
Perform basic administration of Windows OS, Windows Server, and Active Directory
Monitor IT systems and network infrastructure to ensure stable operations
Perform data backup, system updates, and regular virus scanning
Coordinate with external vendors and service providers to meet SLA requirements
Support daily IT operations tasks (monitoring, reporting, incident handling)
Requirements
Bachelor’s degree in Information Technology, Network Administration, Telecommunications, or related fields
At least 4 years of experience in IT Helpdesk / IT Support/ IT Service Desk
Good knowledge of Windows, networking (LAN/WAN, DNS, DHCP), Active Directory, Firewall/NAT
Strong communication skills with a customer-oriented mindset
Experience supporting clients in insurance/financial domain is a plus
Good command of English (communication and documentation)
Flexible, dynamic attitude and reliable.",,linkedin
Tuyển dụng nhân viên IT,Công ty cổ phần Expro,,"Ho Chi Minh City, Ho Chi Minh City, Vietnam",,,,,[],Full-time,Not Applicable,2026-03-23,,"Mô tả công việc
Nhân viên IT
Cài đặt, vận hành, xử lý các sự cố phát sinh
Quản trị máy chủ, hệ thống máy tính, hệ thống mạng
Tốt nghiệp chuyên ngành liên quan
Kinh nghiệm 1-2 năm ở vị trí tương đương
Trung cấp",,linkedin
IT Helpdesk,SUNJIN VIỆT NAM,,"Can Tho, Can Tho, Vietnam",,,,,['Windows Server'],Full-time,Not Applicable,2025-09-24,,"Số lượng: 1 người
Kinh nghiệm: 1 - 2 năm
Bằng cấp: Trung cấp trở lên
Cấp bậc: Nhân viên
Nơi làm việc: Đồng Nai
Thu nhập/ tháng: 10 - 15 Triệu
MÔ TẢ CÔNG VIỆC
Vị trí IT Help Desk đóng vai trò quan trọng trong việc hỗ trợ kỹ thuật cho người dùng cuối, bảo đảm hệ thống thông tin của tổ chức hoạt động ổn định và hiệu quả. Cụ thể, người giữ vị trí này sẽ chịu trách nhiệm giải quyết các vấn đề kỹ thuật, từ đơn giản đến phức tạp, qua điện thoại hoặc trực tiếp. Họ cũng sẽ cung cấp hướng dẫn và tư vấn cho người dùng về cách sử dụng các ứng dụng và phần mềm hiệu quả. Bên cạnh đó, IT Help Desk còn theo dõi và ghi chép các sự cố kỹ thuật để phân tích và cải thiện chất lượng hệ thống thông tin.
Xác định, chẩn đoán, giải quyết vấn đề của người sử dụng máy tính cá nhân, phần mềm máy tính và phần cứng, mạng, internet, e-mail, dial-in, các vấn đề truy cập mạng; và các vấn đề máy in, photo copy, điện thoại, camera…
Cung cấp hỗ trợ cài đặt, cấu hình cho người dùng các phần cứng máy tính để bàn, phần mềm, và thiết bị ngoại vi.
Vận hành và duy trì hệ thống server, mạng LAN, WAN, camera…
Sửa chữa đúng hạn các thiết bị hoặc bảo hành, bảo trì từ nhà cung cấp bên thứ ba theo thỏa thuận hợp đồng.
Chịu trách nhiệm bảo trì, sửa chữa các thiết bị máy tính, mạng toàn công ty. Thực hiện sửa chữa phần cứng máy tính, các thiết bị máy tính PC và các thiết bị ngoại vi không được thỏa thuận bảo dưỡng của bên thứ ba nhà cung cấp.
Giúp cài đặt mạng nội bộ, hệ thống cáp và các thiết bị như card mạng, hub và switch.
Hỗ trợ, hướng dẫn người dùng xử lý các vấn đề liên quan đến IT. Phối hợp với các kỹ thuật viên khác trong việc tạo ra tài liệu liệu hướng dẫn cho người dùng cuối câu hỏi thường gặp (FAQs).
Kiểm kê, quản lý tài sản cố định & Các công việc khác theo yêu cầu của cấp trên.
Yêu Cầu Công Việc
Có kinh nghiệm ít nhất 1 năm, tốt nghiệp trung cấp, cao đẳng công nghệ thông tin trở lên
Có kiến thức windows server, hệ thống camera, Database
Có kiến thức chuyên môn cơ bản về các hệ thống máy chủ, các hệ điều hành
Có kiến thức về hệ thống mạng LAN/WAN, cấu hình các thiết bị mạng
Có khả năng làm việc độc lập hoặc làm việc theo nhóm tốt, luôn chủ động trong công việc, có tinh thần trách nhiệm và tính kỷ luật cao
Có thể đọc - hiểu & làm báo cáo bằng Tiếng anh
ĐỊA ĐIỂM & THỜI GIAN LÀM VIỆC:
Địa điểm: Lô II - 11, KCN Hố Nai, Xã Hố Nai 3, Huyện Trảng Bom, Tỉnh Đồng Nai, Việt Nam
Thời gian làm việc: 7:30 - 16:30 (Thứ 2 - Thứ 7), nghỉ 2 ngày thứ 7 trong tháng
PHÚC LỢI
Đóng BHXH trên tổng tiền lương
Bảo hiểm tai nạn 24/24 cho nhân viên
Nghỉ phép, nghỉ lễ và ngày thành lập công ty theo quy định
Cung cấp bữa sáng và bữa trưa tại các nhà máy
Tặng quà sinh nhật và quà các ngày lễ trong năm
Du lịch hàng năm
Đào tạo nội bộ và bên ngoài
Thưởng tháng 13 + thưởng năng suất theo hiệu quả kinh doanh
Chương trình thâm niên
Phụ cấp ngoại ngữ
Nghỉ hưởng lương ngày thành lập công ty
Hỗ trợ xe đưa đón và xe công tác ngoài thị trường
Hỗ trợ điện thoại, laptop, xe ô tô ( theo quy định của công ty)
Liên hệ
Ứng viên quan tâm vui lòng gửi CV/ Resume theo địa chỉ mail:
Sunjinsouth@sj.co.kr
Mọi thắc mắc cần được giải đáp xin vui lòng gọi
Mr. Duc: 0337.416.150
Ms. Mai: 0396.764.259
Ms. Vũ: 0935.056.658",,linkedin
Trưởng phòng IT,Công Ty TNHH DV Và TM Mesa,,"Ho Chi Minh City, Ho Chi Minh City, Vietnam",,,,,"['SQL', 'MySQL', 'API']",Full-time,Not Applicable,2026-04-22,,"Mô tả công việc
 Tham gia phát triển dự án web quy mô lớn để đáp ứng nhu cầu mở rộng thị trường.
 Phân tích các yêu cầu và thực hiện các nguyên tắc thiết kế web có trách nhiệm để đảm bảo rằng trang web của chúng tôi hiển thị tốt trên nhiều thiết bị và trình duyệt.
 Viết và tối ưu hóa mã code mặt trước, mặt sau tạo ứng dụng chạy nhanh tuyệt vời với UI / UX.
 Đưa ra quyết định kỹ thuật mặt trước mặt sau và các thành viên trong đội. Nghiên cứu xu hướng công nghệ mới và thích ứng với các dự án của công ty.
 Phối hợp với các thành viên trong nhóm sản phẩm khác để hoàn thành các dự án đúng thời gian với hiệu suất và chất lượng tốt nhất.
 Lập trình và phát triển website booking engine - đặt vé máy bay trực tuyến, đặt khách sạn.
 Tham gia phát triển các chức năng và tích hợp (API, WebServices).
 Tối ưu hóa hệ thống website theo tiêu chuẩn SEO.
 Phát triển / quản lý / bảo trì Oracle, MySQL, SQL server.
 Hỗ trợ bộ phận liên quan quản trị hệ thống máy tính, quản trị mạng, sao lưu dữ liệu, email công ty.
Đại học",,linkedin
IT Application Executive,Ricoh Vietnam,,"Ho Chi Minh City, Ho Chi Minh City, Vietnam",,,,3.0,"['SQL', 'AI', 'Power BI', 'Excel', 'SAP', 'Security']",Full-time,Executive,2026-05-31,,"1. Application Support
•     Provide first-level support for business applications.
•     Monitor application performance, availability, and user access.
•     Support daily operational activities related to ERP, CRM or other enterprise systems.
•     Support for Microsoft Windows, Microsoft 365, Outlook, Teams, and common business applications.
•     Support for IT team on staff onboarding, offboarding activities.
2. Business Process & User Support
•     Gather user requirements and understand business processes.
•     Support users in system usage, troubleshooting, and process improvement.
•     Conduct user training and prepare user guides/SOPs.
•     Assist departments in optimizing workflows using system functionalities.
3. System Administration & Maintenance
•     Coordinate application upgrades, patches, and configuration changes.
•     Perform testing (UAT/SIT) for new features or system enhancements.
•     Support data validation, migration, and system integration activities.
•     Monitor scheduled jobs, interfaces, and application logs.
4. Reporting & Data Management
•     Generate operational reports and dashboards.
•     Support data extraction and analysis requests.
•     Ensure data accuracy and consistency within applications.
•     Assist in maintaining master data governance processes.
5. Security & Compliance
•     Ensure applications comply with IT security and company policies.
•     Support audit activities and access reviews.
•     Maintain proper documentation for system changes and controls.
Requirements
•      English communication is a must.
•      Bachelor’s degree in IT, Computer Science, Business Information Systems, or related field.
•      1–3 years of experience in application support or business systems support.
•      Knowledge of:
o   ERP/CRM systems such as Microsoft Dynamics 365, SAP, Oracle, or similar
o   SQL basics and database concepts
o   Microsoft Excel and reporting tools
o   User access and role management
o   Ticketing/helpdesk systems
o   Knowledge and experience in AI are advantages.
•       Basic understanding of:
o   APIs and system integration
o   Power BI or reporting platforms
o   Software testing methodologies
•       Soft Skills:
o   Good analytical and problem-solving skills
o   Strong communication with business users
o   Ability to coordinate with multiple stakeholders
o   Attention to detail and documentation skills
o   Customer-oriented mindset
Benefits
•      Work in a regional, international environment
•      Competitive salary package with 13th‑month salary, performance‑based bonus
•      Insurance as Vietnam’s labor code & extra accident/medical insurance
•      Hybrid working model combining office‑based and remote working to support flexibility and performance
•      Benefit in kind, company trip","•      Work in a regional, international environment
•      Competitive salary package with 13th‑month salary, performance‑based bonus
•      Insurance as Vietnam’s labor code & extra accident/medical insurance
•      Hybrid working model combining office‑based and remote working to support flexibility and performance
•      Benefit in kind, company trip",linkedin
Technical Director-(ENG|D.2),Olik Global,,"Ho Chi Minh City, Ho Chi Minh City, Vietnam",,,,5.0,"['Go', 'Scala', 'DevOps', 'AI', 'Security']",Full-time,Not Applicable,2026-06-21,,"Location: Binh Thanh
Reports to: CTO
Type: IT Outsourcing (Onshore/Offshore)
Company size: 500-1000
Employment Type: Full-time
Technical Leadership & Direction
Define and own the technical roadmap for your domain(s), aligned with group strategy and product goals
Make and defend architectural decisions with clear rationale — balancing delivery velocity, scalability, compliance, and maintainability
Set and enforce engineering standards: code quality, system design, security, and operational readiness
Actively participate in design and architecture reviews across the broader engineering group
Stay current with industry trends, tooling, and emerging technologies — bring relevant insights back into the team
People Leadership & Organizational Development
Lead multiple engineering teams (25+ people), providing clear direction, consistent feedback, and meaningful development opportunities
Make people growth a primary responsibility — not a nice-to-have. Actively invest in the career development of every engineer in your function; track progress, create opportunities, and remove ceiling blockers
Build and sustain a psychologically safe environment where engineers feel empowered to raise concerns, challenge decisions, share failures, and propose ideas without fear of judgment or reprisal
Own hiring, onboarding, and retention for your engineering function — build the team you need to deliver
Establish a culture of extreme ownership and accountability: problems in your domain are your problems, regardless of where they originate
Identify and develop future technical leads and senior engineers; actively manage succession depth
Work across cultural boundaries effectively — our teams operate across Vietnam and Europe
Delivery & Execution
Own the delivery commitments for your domain — scope, timeline, quality, and post-release stability
Remove blockers at the team and organizational level; escalate when necessary with a proposed resolution
Drive measurable improvement in delivery throughput and engineering quality over time
Ensure systems under your ownership maintain production-grade operational standards: observability, incident response, SLAs
Cross-functional & Strategic Contribution
Collaborate with Product, QC, DevOps, and other technical directors to align delivery across the group
Contribute to group-level technology strategy, platform evolution, and engineering hiring standards
Represent the engineering function credibly with senior business stakeholders — translate technical complexity into business terms without losing substance
Champion technology adoption — including AI-assisted engineering, automation, and modern tooling — across your teams
Requirements
Non-negotiable
5-10 years of hands-on software development experience at senior, principal, or team lead level — backend-heavy, working on complex, distributed, or high-throughput systems
5+ years leading engineering teams, with direct management of 25+ people across multiple teams simultaneously
Proven ability to own and drive technical direction end-to-end — not just advise, but decide and be accountable for outcomes
Extreme ownership mindset — no blame-shifting, no bystander behaviour. If it's in your domain, it's yours
Demonstrated commitment to growing people: a track record of engineers you've developed who went on to take on greater responsibility
Fluent in both Vietnamese and English — you will operate in a Vietnamese-speaking team environment while communicating across a global, English-speaking leadership group
Based in or willing to relocate to Ho Chi Minh City, Vietnam
Strongly Preferred
Experience working in distributed, multi-office engineering organizations
Track record of introducing or scaling new engineering practices, tools, or AI-assisted workflows across a team
Technical Depth Expected
Backend systems design: distributed architecture, event-driven systems, high-availability design, data modeling
Platform infrastructure awareness: deployment pipelines, containerization, observability, incident management
Security-aware engineering
Comfort with modern engineering tooling and willingness to drive adoption
Benefits
Competitive salary package
MacBook and necessary working devices provided
Health insurance
15 annual leaves
Social insurance + 13th-month salary + annual performance review
Monthly team building activities
Birthday bonus, snacks & drinks
Interview Process
2-3 rounds (offline at office)
LEADERSHIP PROFILE
We are not looking for a manager who oversees engineers. We are looking for a technical leader who is respected by engineers — someone who can go deep when it matters, elevate the people around them, and take full ownership of outcomes without needing direction from above.
The right candidate is:
Extreme ownership — takes full responsibility for outcomes in their domain. Does not deflect, does not wait, does not qualify accountability
A builder of psychological safety — actively creates an environment where people speak up, surface problems early, share mistakes openly, and challenge up the chain without fear
Invested in people growth — measures personal success partly by how much the people around them improve. Coaching and mentoring are not side tasks; they are leadership outputs
Self-directed and proactive — identifies problems before they escalate, drives solutions without waiting to be asked
Outcome-oriented — measures success by what ships, what works, and what improves; not by effort or activity
Opinionated but open — holds strong technical views, defends them with evidence, and updates them when presented with better information
Comfortable with ambiguity — operates effectively when the answer is not obvious and the scope is not fully defined
A continuous learner — actively seeks exposure to new tools, approaches, and ideas; brings relevant insight back to the team","Competitive salary package
MacBook and necessary working devices provided
Health insurance
15 annual leaves
Social insurance + 13th-month salary + annual performance review
Monthly team building activities
Birthday bonus, snacks & drinks
Interview Process
2-3 rounds (offline at office)
LEADERSHIP PROFILE
We are not looking for a manager who oversees engineers. We are looking for a technical leader who is respected by engineers — someone who can go deep when it matters, elevate the people around them, and take full ownership of outcomes without needing direction from above.
The right candidate is:
Extreme ownership — takes full responsibility for outcomes in their domain. Does not deflect, does not wait, does not qualify accountability
A builder of psychological safety — actively creates an environment where people speak up, surface problems early, share mistakes openly, and challenge up the chain without fear
Invested in people growth — measures personal success partly by how much the ...",linkedin
[HN] IT SUPPORT/IT HELPDESK,CMC Technology & Solution (CMC TS),,"Quận Cầu Giấy, Hanoi, Vietnam",,,,,['Adobe'],Full-time,Not Applicable,2026-04-22,,"MÔ TẢ CÔNG VIỆC
Xử lý sự cố, chẩn đoán, giải quyết các vấn đề liên quan đến người dùng (End-user).
Cài đặt máy tính cấp cho nhân viên mới (Hệ điều hành, email, máy in, scan, software…).
Khắc phục các lỗi ứng dụng liên quan người dùng cuối (MS Office, AutoCAD, Adobe,…).
Khắc phục các lỗi liên quan đến phần cứng PC, laptop, máy in, photocopy, scan.
Xử lý sự cố liên quan mạng (Internet, LAN, Printer, Camera).
Xử lý lỗi liên quan máy chấm công (timekeeper), thiết bị mạng, UPS.
Chuẩn bị máy tính, thiết bị cho phòng họp, hội nghị.
Sử dụng hệ thống quản lý ticket.
Backup dữ liệu người dùng.
Theo dõi tình trạng mực in, linh kiện hư hỏng, báo cáo mua mới thay thế.
Cập nhật tài liệu IT (khi được yêu cầu).
Cập nhật tài liệu hướng dẫn người dùng (khi được yêu cầu).
Báo cáo định kỳ và đề xuất phương án tối ưu.
Tham gia các khóa đạo tạo nâng cao kỹ năng chuyên môn, nghiệp vụ.
YÊU CẦU ỨNG VIÊN
Học vấn/Bằng cấp: Cao đẳng, Đại học chuyên ngành CNTT, mạng...
Kiến thức: CNTT + hỗ trợ người dùng.
Kinh Nghiệm: 01 - 02 năm (Helpdesk).
Kỹ năng giao tiếp tốt trong đội nhóm, giữa các phòng ban.
QUYỀN LỢI ỨNG VIÊN
THU NHẬP
Thu nhập: 10.000.000 - 12.000.000/tháng
Thưởng 1 tháng lương
Gói phúc lợi tiền mặt 9 triệu/năm vào các dịp Lễ, Tết, Sinh nhật Tập đoàn...
Xét tăng lương theo năng lực và kết quả công việc định kỳ 1 lần/năm. Hoặc tăng lương đột xuất theo hiệu quả công việc.
CHẾ ĐỘ ĐÀO TẠO VÀ PHÁT TRIỂN
Đài thọ 100% chi phí tham gia các khóa học, thi chứng chỉ CNTT Quốc tế.
Chính sách phát triển, thăng tiến theo Career Path phù hợp với từng vị trí, từng phòng ban.
Cơ hội tiếp cận với các công nghệ mới nhất: Cloud, Big data...
Cơ hội làm việc trong Công ty là Top 1 đối tác tư vấn và cung cấp, triển khai giải pháp Chuyển đổi số, Bảo mật, Cloud cho tổ chức và doanh nghiệp tại Việt Nam
BẢO HIỂM VÀ CHÍNH SÁCH ĐÃI NGỘ
Thời gian làm việc: Thứ Hai - Thứ sáu
Nghỉ phép: 12 ngày/ năm + 1 ngày nghỉ hưởng lương vào dịp sinh nhật bản thân CBNV
Bảo hiểm xã hội, Bảo hiểm y tế, Bảo hiểm thất nghiệp theo quy định Nhà nước
Chế độ bảo hiểm nâng cao: CMC Care
Chế độ đãi ngộ thai sản nâng cao dành cho nhân viên nữ
Du lịch hàng năm 1 tuần, teambuilding/dã ngoại định kì 2 lần/năm
Tham gia các Câu lạc bộ của Công ty và các chương trình trải nghiệm nhân viên đa dạng và phòng phú
Được trang bị laptop/thiết bị công nghệ trong quá trình làm việc.
Môi trường làm việc sáng tạo, đổi mới
Nộp đơn ứng tuyển công việc này
Họ & tên bạn *
Địa chỉ email *
Số điện thoại *
Thông tin thêm
CV của bạn *
Click để chọn & tải lên CV của bạn
Mã bảo mật *
Nộp đơn ứng tuyển",,linkedin
System Administrator,Saigon Technology - Accelerate Software Development,,"Ho Chi Minh City, Ho Chi Minh City, Vietnam",,,,3.0,"['Python', 'Rust', 'Docker', 'AWS', 'Azure', 'Agile', 'Scrum', 'Linux', 'Windows Server', 'Active Directory', 'VMware', 'Security']",Full-time,Not Applicable,2026-06-14,,"Job Description
Manage and maintain cloud infrastructure (AWS, CMC Cloud) to ensure system availability, security, and performance.
Administer Microsoft 365, Microsoft Entra ID (Azure AD), Google Workspace, and enterprise access management solutions.
Manage endpoint devices through Microsoft Intune and maintain endpoint security using Microsoft Defender.
Maintain virtualization and on-premise infrastructure, including VMware/Proxmox, Active Directory, DNS, DHCP, and related services.
Monitor system health, security events, and infrastructure performance; troubleshoot and resolve incidents when required.
Develop automation scripts and operational improvements to enhance efficiency and reliability.
Support information security initiatives, compliance activities, and continuous infrastructure improvement.
Job Requirements
Must Have:
3+ years of experience in System Administration, Infrastructure, or IT Operations.
Strong hands-on experience with AWS, Microsoft 365, Entra ID (Azure AD), and Intune.
Experience administering VMware environments and Windows Server services (AD, DNS, DHCP, GPO).
Good knowledge of Linux systems and container technologies (Docker).
Experience with scripting and automation using Bash, Python, or PowerShell.
Good understanding of IT security, access management, and infrastructure best practices.
Strong problem-solving skills and ability to work independently.
Good English communication skills.
Nice to Have
Experience with ISO 27001 environments.
Experience with Google Workspace administration.
Familiarity with Zero Trust security concepts
Benefits
Competitive Salary and Brilliant Health Benefits
Attractive salary (13th-month salary, salary review twice/year) and project bonus
Bonus programs for candidate referral, technical article writing
Allowance for sickness, maternity, paternity and periodic health examination
PVI health care program
The staff of the quarter and year reward
Progressive and Fun Working Environment
A professional English-speaking working environment with Agile – Scrum model
Hybrid Working Model: Flexible working time and WFH support.
Surrounded with friendly, open-minded, young and supportive colleagues
Annual company trip and regular team-building parties, party celebration (Christmas, Birthday, Mid-autumn,...), Sports clubs (football, badminton, swimming …)
Valuable Training
Sponsor examination fee for professional certificates (AWS, Azure, IELTS, PMP, Scrum Master,...)
Sponsor fee for joining any technical training sessions and courses.
Free English workshops","Competitive Salary and Brilliant Health Benefits
Attractive salary (13th-month salary, salary review twice/year) and project bonus
Bonus programs for candidate referral, technical article writing
Allowance for sickness, maternity, paternity and periodic health examination
PVI health care program
The staff of the quarter and year reward
Progressive and Fun Working Environment
A professional English-speaking working environment with Agile – Scrum model
Hybrid Working Model: Flexible working time and WFH support.
Surrounded with friendly, open-minded, young and supportive colleagues
Annual company trip and regular team-building parties, party celebration (Christmas, Birthday, Mid-autumn,...), Sports clubs (football, badminton, swimming …)
Valuable Training
Sponsor examination fee for professional certificates (AWS, Azure, IELTS, PMP, Scrum Master,...)
Sponsor fee for joining any technical training sessions and courses.
Free English workshops",linkedin
IT Engineer,CNK Consulting Vietnam,,"Bac Giang, Bac Giang, Vietnam",700.0,1000.0,USD,,"['Java', 'SQL', 'Windows Server', 'Firewall', 'VPN']",Full-time,Not Applicable,2026-01-22,,"Job Description
Vị trí: Kỹ sư IT
Mức lương: 700-1000 USD
Địa điểm: Bắc Giang
Mô Tả Công Việc
Duy trì và quản lý hệ thống mạng CNTT của công ty.
Quản lý máy chủ và các thiết bị CNTT khác, bao gồm bảo trì hệ thống, sao lưu, nâng cấp và thiết lập ứng dụng mới.
Cấu hình thiết bị mạng, hệ điều hành, cơ sở dữ liệu và máy chủ của công ty.
Đảm bảo an toàn hệ thống bằng cách quản lý phần mềm diệt vi-rút, nâng cấp hệ điều hành và thực hiện các biện pháp bảo mật.
Tối ưu hóa tài nguyên để đáp ứng hiệu quả các yêu cầu kinh doanh.
Hướng dẫn và đào tạo người dùng về phần cứng và phần mềm.
Đề xuất cải tiến chương trình và quy trình để đơn giản hóa hoặc nâng cao hiệu suất hoạt động.
Phát triển ứng dụng (Java hoặc C#) theo yêu cầu của người dùng.
Quản lý và duy trì cơ sở dữ liệu.
Yêu Cầu
Tốt nghiệp đại học chuyên ngành liên quan.
Hơn 2 năm kinh nghiệm làm việc trong lĩnh vực CNTT, đặc biệt trong bộ phận hỗ trợ CNTT, ưu tiên ứng viên có kinh nghiệm tại công ty đa quốc gia.
Thành thạo tiếng Trung giao tiếp.
Am hiểu về MS Windows Server 2008, AD, DNS, DHCP, IIS, FTP, VPN, Exchange Server, SQL, Firewall, Router.
Có kinh nghiệm quản lý hệ thống thông tin (IS) và có khả năng cung cấp giải pháp tổng thể.
Thành thạo các kỹ thuật bảo mật mạng và có thể triển khai giải pháp mạng toàn diện.
Có kinh nghiệm thiết lập, cấu hình, sao lưu và khôi phục SQL Server.
Ưu tiên ứng viên có kinh nghiệm phát triển Java hoặc C#.
Sẵn sàng làm việc theo ca nếu có yêu cầu.
Chế Độ Công Việc
Thời gian làm việc: Thứ 2- Thứ 6 (8:00 AM 5:00 PM)
13 tháng lương+ thưởng theo doanh thu
BHXH đóng full lương, 12 ngày nghỉ phép/ năm
Required Skills
SQL Server FTP Windows Server C# Windows Java SQL",,linkedin
"IT Helpdesk Officer (Fresher, Good English)",Topicus Vietnam,,"Phu Nhuan, Ho Chi Minh City, Vietnam",,,,1.0,['Perl'],Full-time,Entry level,2026-06-20,,"About Us
At Topicus, we believe IT should serve society. From healthcare and education to finance, our solutions empower millions of people daily by turning complex challenges into user-friendly platforms. We don’t just build software; we increase self-reliance and reduce vulnerability for citizens worldwide.
With a team of over 1,500+ ""Topicans"" across Southeast Asia (Vietnam & Thailand) and Europe (the Netherlands, Romania, Portugal, and Iceland), we are constantly expanding our horizons. Our ambition reaches far beyond Europe, driven by a shared mission to make a meaningful difference.
About the Role
We are looking for an
Fresher IT Helpdesk Officer
to support employees with workstation-related needs and ensure IT equipment is properly prepared, maintained, and tracked throughout its lifecycle. The role supports onboarding activities, provides first-line hardware support, coordinates repairs and replacements with vendors, and maintains accurate asset records for laptops, monitors, and other workplace technology.
Key Responsibilities
Support employee onboarding by coordinating account requests and preparing IT equipment.
Configure and prepare laptops and peripherals for new employees.
Provide first-line support for laptop and workstation issues, including performance, battery, and hardware-related problems.
Perform basic hardware maintenance and upgrades.
Coordinate repairs, warranty claims, and replacements with external vendors.
Research and recommend workstation hardware specifications.
Maintain accurate records of IT assets and manage equipment handovers and returns.
Support hardware inventory management and lifecycle tracking.
Requirements
Fresh graduates or up to 1 year of experience in IT Support role.
Basic knowledge of computer hardware and troubleshooting.
Good command of English, especially verbal.
Strong organizational and administrative skills.
Attention to detail in asset management and documentation.
Customer-focused approach with strong interpersonal and communication skills.
Ability to coordinate effectively with employees, vendors, and internal stakeholders.
Benefits
Fixed 13th-month salary and performance bonus.
Full salary during probation and full social insurance coverage.
A good work-life balance environment.
Premium healthcare (including annual health check-up).
16 days of annual leave per year.
5 paid sick leave days.
Dynamic and international English-speaking working environment.
Regular gatherings (happy hours, bimonthly dinners, social events, etc.).
Annual company trip.
Fully stocked pantry with coffee and snacks.
Budget for team activities.
Supportive and diverse work environment that promotes continuous learning.
Opportunity for traveling and training in the Netherlands.
Join our team as a
Fresher IT Helpdesk Officer
at Topicus Vietnam!","Fixed 13th-month salary and performance bonus.
Full salary during probation and full social insurance coverage.
A good work-life balance environment.
Premium healthcare (including annual health check-up).
16 days of annual leave per year.
5 paid sick leave days.
Dynamic and international English-speaking working environment.
Regular gatherings (happy hours, bimonthly dinners, social events, etc.).
Annual company trip.
Fully stocked pantry with coffee and snacks.
Budget for team activities.
Supportive and diverse work environment that promotes continuous learning.
Opportunity for traveling and training in the Netherlands.
Join our team as a
Fresher IT Helpdesk Officer
at Topicus Vietnam!",linkedin
Data Center Technician - Da Nang - On-site,Reboot Monkey,,"Đà Nang, Da Nang City, Vietnam",,,,,"['Linux', 'Excel', 'Networking', 'Firewall', 'Security']",Other,Entry level,2026-03-23,,"Reboot Monkey is a global leader in IT solutions, specializing in data center management that simplifies your IT operations. We provide hosting space, future-proof upgrades, and 24/7 support through our smart or remote hands, ensuring seamless, secure, and sustainable service. Our fully remote, round-the-clock management frees businesses from supervision hassles, setting new benchmarks in data center solutions. We’re seeking skilled Freelance Data Center Technicians to join our growing team. If you have expertise in data center operations and want flexible work, we’d love to hear from you.
Job Overview:
As a Freelance Data Center Technician,
you will play a key role in delivering on-demand support to our global data centers. Your responsibilities will include hardware installation, troubleshooting complex issues, and managing network operations, ensuring optimal performance and reliability. We’re looking for someone with deep expertise in data center equipment and software who can work independently while collaborating with remote teams. In this role, you’ll be essential to maintaining smooth, secure, and efficient data center operations, contributing to our high standards of service excellence.
Key Responsibilities:
Install, configure, and maintain servers, networking equipment, and other hardware to ensure optimal performance and maximum uptime, facilitating seamless operations within the data center.
Monitor data center operations both remotely and on-site, quickly diagnosing and resolving hardware, software, and connectivity issues to minimize downtime and maintain service reliability.
Configure, manage, and troubleshoot networking devices, including Cisco and Juniper routers, switches, and firewalls, to ensure secure and efficient network operations that align with organizational standards.
Manage and troubleshoot both Linux and Windows-based systems, performing essential updates, patches, and security enhancements to keep systems secure and up-to-date.
Document all installations, repairs, maintenance tasks, and system performance, providing comprehensive reports to the remote management team to ensure transparency and accountability in operations.
Implement and maintain security protocols to protect the integrity of the data center infrastructure, ensuring compliance with industry standards and best practices for data security.
Collaborate with remote IT teams, vendors, and stakeholders to enhance data center operations, actively participating in the planning and execution of projects that drive efficiency and innovation.
What We Offer:
Flexibility: Work around your existing freelance or permanent job. You choose the tickets you want to pick up, with no minimum hour commitment.
Professional Environment: Join a professional work environment where you can reconnect with the practical side of IT.
Competitive Compensation: We offer competitive rewards for your compensation and efforts.
Growth Opportunities: Work with compelling clients and seize opportunities to grow in your field.
Data center or IT infrastructure experience
Server hardware and networking knowledge
Reliable and professional with strong communication
Proximity to local data center facilities
Flexible schedule for on-call/emergency work","Flexibility: Work around your existing freelance or permanent job. You choose the tickets you want to pick up, with no minimum hour commitment.
Professional Environment: Join a professional work environment where you can reconnect with the practical side of IT.
Competitive Compensation: We offer competitive rewards for your compensation and efforts.
Growth Opportunities: Work with compelling clients and seize opportunities to grow in your field.
Data center or IT infrastructure experience
Server hardware and networking knowledge
Reliable and professional with strong communication
Proximity to local data center facilities
Flexible schedule for on-call/emergency work",linkedin
Technical Manager (Technical Leader) (IT & Digital transformation),Olik Global,,"Ho Chi Minh City, Vietnam",,,,,"['AI', 'API']",Full-time,Not Applicable,2026-05-22,,"On-site - Full time
Ho Chi Minh City, Vietnam
Tổng quan công ty: Công ty đang mở rộng team IT nội bộ nhằm đáp ứng nhu cầu số hóa toàn diện hoạt động quản lý, vận hành và kinh doanh. Chúng tôi tìm kiếm những ứng viên có tư duy hệ thống, tinh thần chủ động và mong muốn xây dựng các sản phẩm công nghệ có giá trị thực tiễn.
Mô tả công việc:
Dẫn dắt và quản lý team IT, chịu trách nhiệm cho dự án công nghệ tại công ty
Làm việc trực tiếp với Ban lãnh đạo và các phòng ban để phân tích nhu cầu business, xác định mục tiêu, phạm vi dự án
Lập kế hoạch triển khai dự án bao gồm: scope, timeline, ngân sách, nhân sự và quản lý rủi ro
Phối hợp với các nhân sự phòng ban, team IT để xây dựng và phát triển xuyên suốt vòng đời dự án
Theo dõi tiến độ, đảm bảo chất lượng đầu ra và báo cáo định kỳ cho Ban Giám đốc
Requirements
Yêu cầu công việc:
Tối thiểu 4-6 năm kinh nghiệm ở vị trí Technical Manager/Technical Leader trong lĩnh vực IT
Có kinh nghiệm triển khai hệ thống nội bộ, platform doanh nghiệp, số hóa hoạt động vận hành của doanh nghiệp
Kỹ năng giao tiếp tốt, quản lý stakeholder hiệu quả, tư duy business và giải quyết vấn đề
Có khả năng làm việc chặt chẽ với cả business team và technical team
Có kinh nghiệm làm việc với các GenAI models/API (ví dụ: OpenAI API, Claude API, Gemini, hoặc các LLM tương đương), hiểu cách ứng dụng GenAI vào sản phẩm và quy trình doanh nghiệp
Ưu tiên ứng viên có kinh nghiệm trong chuyển đổi số, dữ liệu và AI
Benefits
Phúc lợi, chế độ:
Tham gia các dự án chiến lược, có ảnh hưởng trực tiếp đến hoạt động và tăng trưởng của công ty
Môi trường làm việc linh hoạt, được trao quyền, chủ động trong quyết định và định hướng kỹ thuật
Chế độ lương thưởng, phúc lợi theo chính sách công ty","Phúc lợi, chế độ:
Tham gia các dự án chiến lược, có ảnh hưởng trực tiếp đến hoạt động và tăng trưởng của công ty
Môi trường làm việc linh hoạt, được trao quyền, chủ động trong quyết định và định hướng kỹ thuật
Chế độ lương thưởng, phúc lợi theo chính sách công ty",linkedin
CHIEF TECHNOLOGY OFFICER,CNK Consulting Vietnam,,"Hanoi, Hanoi, Vietnam",,,,5.0,"['Scala', 'AI']",Full-time,Not Applicable,2026-06-07,,"Our client
, a leading technology company in Vietnam, is undergoing a major transformation. They are expanding beyond traditional software to offer AI‑as‑a‑Service and Agent‑as‑a‑Service, serving hundreds of thousands of enterprises, government agencies, and business households.
They are seeking a
CTO
who can:
Drive long‑term technology strategy to position the company as a regional leader in AI and Agentic AI.
Build large‑scale AI and data platforms that create sustainable competitive advantages.
Modernize system architecture to serve millions of users with high reliability and performance.
Develop a strong engineering organization that scales quickly, delivers fast, and continuously learns.
I. KEY RESPONSIBILITIES
Provide leadership and direction for technology strategy, roadmap, system architecture, and data infrastructure.
Ensure the company remains a technology leader in Vietnam and the region.
Proactively adopt global technology trends to create business competitive advantages and improve customer operational efficiency.
II. CORE FUNCTIONS
1. AI Strategy
Define strategic direction, research, and execution to keep AI solutions cutting‑edge.
Deliver clear, practical value to customers through AI applications.
2. Data Governance
Build and manage a comprehensive data ecosystem (collection, storage, utilization).
Use data as the foundation for AI development and to support leadership decision‑making.
3. System Architecture
Design and standardize modern system architecture.
Ensure system components work cohesively with strong scalability and high performance.
4. Team Development
Foster a continuous learning culture.
Standardize development processes, competency frameworks, and training programs.
Elevate the overall technical capability of the organization.
III. CANDIDATE PROFILE
A. Required Qualifications
Strong intelligence, logical thinking, creativity, and decisiveness.
Minimum 5 years of experience as a CTO (or equivalent) in large technology companies (500+ software engineers), either domestic or international.
Proven experience operating systems that serve millions of users and hundreds of thousands of businesses.
Deep understanding of AI and hands‑on experience building AI products or transforming software products with AI to deliver real user value.
Bachelor's degree in Computer Science, Information Technology, or a related field.
Fluent English, with demonstrated experience presenting and speaking at conferences or seminars.
B. Preferred Qualifications
Master's or PhD in Computer Science, IT, or related fields.
Experience working in a product‑driven environment.
IV. BENEFITS & OPPORTUNITIES
1. Competitive Compensation
Highly competitive salary and bonus based on capability and business performance.
Attractive long‑term incentive policies (to be discussed during interviews).
2. Career Growth
Opportunity to learn, research, and apply world‑leading technologies at a top product company in Vietnam.
Play a key role in shaping long‑term technology strategy and the product ecosystem.
Work on complex, large‑scale systems serving millions of users.
Tackle challenging problems in advanced technology and architecture.
3. Global Exposure
Represent the company in collaboration with leading domestic and international experts.
Working location:
Hanoi, Viet Nam
Contact:
ngocyen@cnk-consulting.com.vn / 0399 319 360 (Zalo/Call)
Note:
We appreciate all applications; however, only shortlisted candidates will be contacted.",,linkedin
IT NETWORK,GMO-Z.com RUNSYSTEM JSC.,,"Đà Nang, Da Nang City, Vietnam",,,,,"['.NET', 'Unix', 'VPN']",Full-time,Not Applicable,2025-09-24,,"Level: Junior
Khối: Back Office
Hạn ứng tuyển: 31/07/2025
Trạng thái: Inactive
Số lượng tuyển: 2
Thu nhập:
Địa điểm: Đà Nẵng
Nội dung công việc
Quản lý mạng nội bộ của công ty bao gồm hệ thống dây, hệ thống các thiết bị mạng.
Đưa ra các giải pháp khắc phục nhằm đảm bảo tính bảo mật và thông suốt nội bộ trong các phòng ban.
Khắc phục sự cố về mạng.
Kiểm tra và cài đặt phần mềm cần thiết cho các thiết bị máy móc.
Hỗ trợ cài đặt các phần mềm liên quan đến công việc.
Kiểm tra và xử lý các sự cố liên quan đến máy tính.
Yêu cầu công việc
Yêu cầu công việc
Hiểu biết về phần cứng máy tính, biết đánh giá hiệu năng của các thành phần phần cứng như Ram Bus…
Có khả năng xử lý các vấn đề về mạng không dây, khắc phục nhiễu tần số mạng không dây.
Thành thạo các phần mềm mã mở trên unix dùng cho quản trị mạng nội bộ.
Có kinh nghiệm về xử lý sự cố máy tính, internet.
Có kinh nghiệm về cài đặt và quản trị VPN.
Kinh nghiệm
Kinh nghiệm IT Network từ 1 năm trở lên.
Yêu cầu khác
Tốt nghiệp Đại học/Cao Đẳng ngành Công nghệ thông tin.
Kỹ năng giải quyết vấn đề độc lập, chịu được áp lực cao, làm việc nhóm tốt.
Cầu thị trong công việc, có tinh thần trách nhiệm cao, mong muốn gắn bó lâu dài.
Chế độ đãi ngộ
Xét tăng lương 1 lần/ năm, có thể được xét tăng sớm tùy thuộc vào năng lực và hiệu quả công việc.
Thưởng tháng lương thứ 13, thưởng dự án và các loại thưởng khác (thưởng thành tích, thưởng cá nhân xuất sắc, thưởng đạt chứng chỉ Tiếng Nhật...).
Được làm việc trực tiếp với các khách hàng Nhật Bản. Cơ hội Onsite tại Nhật Bản.
Được hưởng các phúc lợi khác như: Team-building hàng tháng, nghỉ mát hàng năm, khám sức khỏe định kỳ...
Tất cả chế độ theo quy định của Pháp luật Lao động Việt Nam (BHXH, BHYT, BHTN, ...).
Nghỉ phép năm và các ngày nghỉ lễ Tết khác theo quy định của nhà nước Việt Nam.
Làm việc từ thứ 2 đến thứ 6.
Môi trường làm việc trẻ trung, năng động.
Liên hệ
Thông Tin Hồ Sơ
Gửi CV kèm ảnh và tiêu đề mail theo cấu trúc: [Tên Job_Tên ứng viên]
Thông Tin Nộp Hồ Sơ
Mail: dunglp@runsystem.net/vyptv@runsystem.net
Người liên hệ: Ms.Dung/Ms.Vy - 0236.3.886.066
Địa Điểm
Địa chỉ: Số 1 Ngô Huy Diễn, Hòa Xuân, Cẩm Lệ, Đà Nẵng.
Thông tin ứng tuyển
Bạn có sẵn CV rồi chứ? Đừng ngại gửi về cho GMO nhé
*
Kéo thả file hoặc tải lên
Cho phép tệp doc, docx, xls, xlsx, ppt, pptx, pdf và lên đến 3mb.
Tên tập tin không chứa các kí tự đặc biệt như '/', [, *, , ;, '
Bạn biết đến vị trí này từ đâu?
*
- Select - Nhân sự công ty giới thiệu Facebook Forum Linkedin Fanpage công ty Các jobsite tuyển dụng (TopCV, VNW..) Recuiter Khác
Liên kết của portfolio và hồ sơ mạng xã hội
Nhân sự tuyển dụng đang hỗ trợ
*
- Select - Lương Thị Huệ Trần Thị Thanh Huyền Nguyễn Thị Phương Thuỷ Trần Thị Tuyết Anh Lại Phương Anh Recruiter khác
Bằng việc nộp hồ sơ ứng tuyển vào các vị trí tuyển dụng của GMO-Z.com RUNSYSTEM, bạn đồng ý cho phép GMO-Z.com RUNSYSTEM sử dụng thông tin cá nhân, xử lý dữ liệu cá nhân của bạn và chấp nhận toàn bộ các quy định được đề cập tại
*
Chính sách bảo vệ dữ liệu cá nhân",,linkedin
CHIEF TECHNOLOGY OFFICER,CNK Consulting Vietnam,,"Hanoi, Hanoi, Vietnam",,,,5.0,"['Scala', 'AI']",Full-time,Not Applicable,2026-06-07,,"Our client
, a leading technology company in Vietnam, is undergoing a major transformation. They are expanding beyond traditional software to offer AI‑as‑a‑Service and Agent‑as‑a‑Service, serving hundreds of thousands of enterprises, government agencies, and business households.
They are seeking a
CTO
who can:
Drive long‑term technology strategy to position the company as a regional leader in AI and Agentic AI.
Build large‑scale AI and data platforms that create sustainable competitive advantages.
Modernize system architecture to serve millions of users with high reliability and performance.
Develop a strong engineering organization that scales quickly, delivers fast, and continuously learns.
I. KEY RESPONSIBILITIES
Provide leadership and direction for technology strategy, roadmap, system architecture, and data infrastructure.
Ensure the company remains a technology leader in Vietnam and the region.
Proactively adopt global technology trends to create business competitive advantages and improve customer operational efficiency.
II. CORE FUNCTIONS
1. AI Strategy
Define strategic direction, research, and execution to keep AI solutions cutting‑edge.
Deliver clear, practical value to customers through AI applications.
2. Data Governance
Build and manage a comprehensive data ecosystem (collection, storage, utilization).
Use data as the foundation for AI development and to support leadership decision‑making.
3. System Architecture
Design and standardize modern system architecture.
Ensure system components work cohesively with strong scalability and high performance.
4. Team Development
Foster a continuous learning culture.
Standardize development processes, competency frameworks, and training programs.
Elevate the overall technical capability of the organization.
III. CANDIDATE PROFILE
A. Required Qualifications
Strong intelligence, logical thinking, creativity, and decisiveness.
Minimum 5 years of experience as a CTO (or equivalent) in large technology companies (500+ software engineers), either domestic or international.
Proven experience operating systems that serve millions of users and hundreds of thousands of businesses.
Deep understanding of AI and hands‑on experience building AI products or transforming software products with AI to deliver real user value.
Bachelor's degree in Computer Science, Information Technology, or a related field.
Fluent English, with demonstrated experience presenting and speaking at conferences or seminars.
B. Preferred Qualifications
Master's or PhD in Computer Science, IT, or related fields.
Experience working in a product‑driven environment.
IV. BENEFITS & OPPORTUNITIES
1. Competitive Compensation
Highly competitive salary and bonus based on capability and business performance.
Attractive long‑term incentive policies (to be discussed during interviews).
2. Career Growth
Opportunity to learn, research, and apply world‑leading technologies at a top product company in Vietnam.
Play a key role in shaping long‑term technology strategy and the product ecosystem.
Work on complex, large‑scale systems serving millions of users.
Tackle challenging problems in advanced technology and architecture.
3. Global Exposure
Represent the company in collaboration with leading domestic and international experts.
Working location:
Hanoi, Viet Nam
Contact:
dat@cnk-consulting.com.vn / 0328031953 (Zalo/Call)
Note:
We appreciate all applications; however, only shortlisted candidates will be contacted.",,linkedin
[HCM] IT HELPDESK (CỦ CHI),CMC Technology & Solution (CMC TS),,"Xã Các Sơn, Thanh Hoa, Vietnam",,,,,['Networking'],Full-time,Not Applicable,2026-06-14,,"[HCM] IT HELPDESK (Củ Chi)
MÔ TẢ CÔNG VIỆC
Theo dõi và xử lý các ticket IT cũng như yêu cầu hỗ trợ kỹ thuật hằng ngày.
Hỗ trợ kỹ thuật cho người dùng cuối thông qua Microsoft Teams, Zalo, Email hoặc hỗ trợ trực tiếp tại chỗ.
Cập nhật và ghi nhận đầy đủ thông tin ticket sau khi hoàn tất xử lý.
Cài đặt, hỗ trợ và xử lý sự cố cho các ứng dụng nội bộ, Microsoft Office và các phần mềm liên quan.
Kiểm tra, chẩn đoán và khắc phục sự cố phần cứng/phần mềm đối với laptop, desktop, máy in, hệ thống WiFi và các thiết bị CNTT khác.
Kiểm tra và hỗ trợ thiết bị phòng họp khi phát sinh sự cố.
Hỗ trợ thiết lập và đảm bảo kết nối cho các cuộc họp nội bộ, họp toàn quốc và họp tại nhà máy.
Quản lý và hỗ trợ các thiết bị CNTT tại các văn phòng được phân công.
Phối hợp với các bộ phận liên quan nhằm đảm bảo hệ thống CNTT vận hành ổn định.
Hỗ trợ giao tiếp tiếng Anh cơ bản với người dùng nước ngoài khi cần thiết.
YÊU CẦU CÔNG VIỆC
Ứng viên có 1-2 năm kinh nghiệm ở vị trí IT Helpdesk / IT Support, từng hỗ trợ ở nhà máy là lợi thế lớn.
Có kiến thức cơ bản về Windows OS, Microsoft 365, Networking, WiFi và máy in.
Có khả năng xử lý và khắc phục sự cố phần cứng, phần mềm máy tính.
Kỹ năng giao tiếp tốt, tư duy hỗ trợ khách hàng (customer-oriented mindset).
Chủ động, có trách nhiệm và tinh thần học hỏi.
Có khả năng giao tiếp tiếng Anh.
THU NHẬP
Mức lương cạnh tranh + phụ cấp dự án (gồm phụ cấp ca làm việc và chế độ nghỉ bù)
Tổng thu nhập lên tới 13 tháng lương/năm
Gói phúc lợi tiền mặt 9 triệu/năm vào các dịp Lễ, Tết, Sinh nhật Tập đoàn...
Xét tăng lương theo năng lực và kết quả công việc định kỳ 1 lần/năm.
CHẾ ĐỘ ĐÃI NGỘ
Đóng BHXH đầy đủ và BH sức khỏe CMC Care ngay khi ký Hợp đồng chính thức
Nghỉ phép: 12 ngày/ năm + 1 ngày nghỉ hưởng lương vào dịp sinh nhật bản thân
Được tham gia các chương trình đào tạo chuyên môn, nghiệp vụ từ cơ bản đến nâng cao.
Được trang bị laptop/thiết bị công nghệ trong quá trình làm việc
Môi trường trẻ, năng động và chuyên nghiệp
Tham gia Team building và các hoạt động văn hóa đa dạng
Được vinh danh các giải thưởng năm của Tập đoàn CMC, CMC TS và khen thưởng trên các thành tích xuất sắc (dự án, kinh doanh, quản trị)
Nộp đơn ứng tuyển công việc này
Họ & tên bạn *
Địa chỉ email *
Số điện thoại *
Thông tin thêm
CV của bạn *
Click để chọn & tải lên CV của bạn
Mã bảo mật *
Nộp đơn ứng tuyển",,linkedin
Lập trình viên IT,Công ty Cổ phần Viễn thông 3G,,"Hanoi, Hanoi, Vietnam",,,,,"['Python', 'Java', 'JavaScript', 'SQL']",Full-time,Not Applicable,1 year ago,,"Mô tả công việc
Giới thiệu chung về vị trí:
Lập trình viên trong viễn thông chính là những người thổi hồn vào các dịch vụ giá trị gia tăng trên di động. Người lập trình sử dụng công cụ là các ngôn ngữ lập trình cơ bản như JavaScript, C, Sql, … để xây dựng nên những sản phầm dịch vụ hoàn thiện, đáp ứng nhu cầu ngày càng cao của khách hàng
Mô tả công việc:
Phân tích thiết kế hệ thống
Lập trình các giải pháp thông tin cho người sử dụng bằng cách phát triển, triển khai, và bảo trì các phần mềm
Triển khai các dự án công nghệ thông tin: khảo sát, lắp đặt, cấu hình, nghiệm thu
Hỗ trợ kỹ thuật, ứng cứu, xử lý các sự cố
Lập tài liệu xây dựng hệ thống và tài liệu hướng dẫn người sử dụng
Nghiên cứu sử dụng các giải pháp phần mềm phục vụ cho việc kinh doanh, quản lý
Yêu cầu:
Là SV tốt nghiệp chuyên ngành CNTT của các trường ĐH, CĐ trên cả nước. Khuyến khích SV mới ra trường
Không yêu cầu kinh nghiệm
Thành thạo một hoặc một số các ngôn ngữ lập trình như Java, JavaScript, Python, SQL (Vì Công ty mình làm chủ yếu bên Viễn thông nên Code rất đơn giản)
Hiểu biết tốt về jQuery, Nodejs
Công ty sẽ training trước khi vào dự án.
Có đam mê khám phá kỹ thuật, yêu thích lĩnh vực lập trình.
Chế độ:
Mức thu nhập thỏa đáng theo năng lực làm việc
Thử việc 2 tuần – 1 tháng: Lương cứng 6tr/tháng
% DT
trợ cấp
Ký hợp đồng sau thử việc: 8tr-10tr/tháng
% DT
trợ cấp
Được đóng đầy đủ BHXH, BHYT, BHTN chế độ nghỉ lễ, nghỉ phép theo luật lao động
Được đào tạo và làm việc trong môi trường chuyên nghiệp, có cơ hội thăng tiến.
Các hoạt động giao lưu văn hóa tinh thần, quan tâm, hỗ trợ của Công ty.
Cao đẳng",,linkedin
Data Center Technician - Da Nang - On-site,Reboot Monkey,,"Đà Nang, Da Nang City, Vietnam",,,,3.0,"['Linux', 'Excel', 'VMware', 'Hyper-V', 'Networking', 'Firewall', 'VPN', 'Security']",Full-time,Entry level,2026-03-23,,"Reboot Monkey is a global leader in IT solutions, specializing in data center management that simplifies your IT operations. We provide hosting space, future-proof upgrades, and 24/7 support through our smart or remote hands, ensuring seamless, secure, and sustainable service. Our fully remote, round-the-clock management frees businesses from supervision hassles, setting new benchmarks in data center solutions. We’re seeking skilled Freelance Data Center Technicians to join our growing team. If you have expertise in data center operations and want flexible work, we’d love to hear from you.
Job Overview:
As a Freelance Data Center Technician,
you will play a key role in delivering on-demand support to our global data centers. Your responsibilities will include hardware installation, troubleshooting complex issues, and managing network operations, ensuring optimal performance and reliability. We’re looking for someone with deep expertise in data center equipment and software who can work independently while collaborating with remote teams. In this role, you’ll be essential to maintaining smooth, secure, and efficient data center operations, contributing to our high standards of service excellence.
Key Responsibilities:
Install, configure, and maintain servers, networking equipment, and other hardware to ensure optimal performance and maximum uptime, facilitating seamless operations within the data center.
Monitor data center operations both remotely and on-site, quickly diagnosing and resolving hardware, software, and connectivity issues to minimize downtime and maintain service reliability.
Configure, manage, and troubleshoot networking devices, including Cisco and Juniper routers, switches, and firewalls, to ensure secure and efficient network operations that align with organizational standards.
Manage and troubleshoot both Linux and Windows-based systems, performing essential updates, patches, and security enhancements to keep systems secure and up-to-date.
Document all installations, repairs, maintenance tasks, and system performance, providing comprehensive reports to the remote management team to ensure transparency and accountability in operations.
Implement and maintain security protocols to protect the integrity of the data center infrastructure, ensuring compliance with industry standards and best practices for data security.
Collaborate with remote IT teams, vendors, and stakeholders to enhance data center operations, actively participating in the planning and execution of projects that drive efficiency and innovation.
What We Offer:
Flexibility: Work around your existing freelance or permanent job. You choose the tickets you want to pick up, with no minimum hour commitment.
Professional Environment: Join a professional work environment where you can reconnect with the practical side of IT.
Competitive Compensation: We offer competitive rewards for your compensation and efforts.
Growth Opportunities: Work with compelling clients and seize opportunities to grow in your field.
Education:
Associate or Bachelor's degree in Computer Science, Information Technology, or a related field is preferred but not required.
Experience:
3+ years of experience in data center operations, with a strong focus on independent or freelance projects.
Technical Skills:
Extensive hands-on experience with Cisco and Juniper networking devices.
Strong proficiency in managing and troubleshooting Windows and Linux-based systems.
Solid understanding of networking principles (TCP/IP, DNS, VPN, VLANs).
Experience with virtualization technologies such as VMware or Hyper-V is a plus.
Certifications:
Valid certifications like Cisco CCNA/CCNP, Juniper JNCIA/JNCIS, or CompTIA Linux+ are highly desirable.
General Requirements:
Ability to travel to various data center locations on short notice.
Flexibility to work outside regular hours, including nights and weekends if required.
Must have access to necessary tools and equipment to perform data center tasks.
Strong problem-solving skills, with the ability to work independently and remotely.
Excellent communication skills for collaboration with remote teams.","Flexibility: Work around your existing freelance or permanent job. You choose the tickets you want to pick up, with no minimum hour commitment.
Professional Environment: Join a professional work environment where you can reconnect with the practical side of IT.
Competitive Compensation: We offer competitive rewards for your compensation and efforts.
Growth Opportunities: Work with compelling clients and seize opportunities to grow in your field.
Education:
Associate or Bachelor's degree in Computer Science, Information Technology, or a related field is preferred but not required.
Experience:
3+ years of experience in data center operations, with a strong focus on independent or freelance projects.
Technical Skills:
Extensive hands-on experience with Cisco and Juniper networking devices.
Strong proficiency in managing and troubleshooting Windows and Linux-based systems.
Solid understanding of networking principles (TCP/IP, DNS, VPN, VLANs).
Experience with virtualization technologies su...",linkedin
Junior IT Technician,TELUS Digital,,"Ward 1, Quang Tri, Vietnam",,,,,"['Rust', 'Swift', 'Windows Server', 'AI', 'Excel', 'Security']",Internship,Not Applicable,2026-06-14,,"Description
The Junior IT Technician is a crucial role focused on providing prompt and effective direct technical support to all employees by maintaining the stability of IT systems and swiftly resolving issues related to hardware, software, and network connectivity, primarily utilizing a ticketing system. Key responsibilities include system and network administration, IT asset management with inventory and lifecycle tracking, ensuring compliance with IT policies and security protocols, and maintaining accurate IT documentation.
Key Responsibilities:
End-User Support: Handle requests via the ticketing system; diagnose and troubleshoot hardware, software, and network issues for laptops, printers, and peripherals.
System & Network Administration: Manage user accounts and access permissions; perform routine maintenance on network devices and servers; coordinate with vendors for repairs when necessary.
Asset Management: Monitor the full lifecycle of IT assets (procurement, issuance, maintenance, recovery); conduct monthly inventories and comply with the company's Asset Management SOP.
Documentation & Reporting: Update technical documentation and FAQs; provide periodic reports on ticket resolution status and recurring incidents to improve service quality.
Compliance & Security: Ensure adherence to IT security policies and information security standards; report any potential security risks immediately.
User Training: Guide employees on IT policies and self-service tools; notify staff regarding scheduled system maintenance.
Qualifications:
Bachelor's or Associate's degree in Information Technology or a related field.
Willingness to work in shifts, including weekends or holidays as required (rotating shift, 40 hours/week).
Proficient in Windows 10, 11, and Windows Server; knowledgeable in computer hardware and on-premise network infrastructure.
Preference given to candidates with experience providing technical support via multiple channels (email, chat, phone).
Excellent communication and problem-solving skills; ability to work both independently and as part of a team.
English B1 - Oral and written comprehension required
Attitude: Responsible, proactive, and possessing strong professional ethics.
About Company:
TELUS Digital is the customer experience transformation partner to the world's most admired brands. Our diverse team weaves data, technology, and human ingenuity to deliver differentiated customer journeys, drive operational effectiveness, and scale AI solutions with meaningful value and positive impact.
We craft real-world solutions in the moments that matter, from customer acquisition to lifelong loyalty. Enabled by our global reach - spanning 78,000 experts in 33 countries - and deep industry expertise, we help over 600 organizations make the customer experience feel effortless.
Our solutions span Data & AI, Digital Experience & IT, CX Management and Trust & Safety. At the core of our innovation is Fuel iX™, an enterprise-grade generative AI platform that helps clients safely access and optimize leading LLMs to scale their own AI from pilot to production.
Equal Opportunity Employer Statement
At TELUS Digital, we are proud to be an equal opportunity employer and are committed to creating a diverse and inclusive workplace. All aspects of employment, including the decision to hire and promote, are based on applicant's qualifications, merits, competence and performance without regard to any characteristic related to diversity.
About Company:
TELUS Digital is the customer experience transformation partner to the world's most admired brands. Our diverse team weaves data, technology, and human ingenuity to deliver differentiated customer journeys, drive operational effectiveness, and scale AI solutions with meaningful value and positive impact.
We craft real-world solutions in the moments that matter, from customer acquisition to lifelong loyalty. Enabled by our global reach - spanning 78,000 experts in 33 countries - and deep industry expertise, we help over 600 organizations make the customer experience feel effortless.
Our solutions span Data & AI, Digital Experience & IT, CX Management and Trust & Safety. At the core of our innovation is Fuel iX™, an enterprise-grade generative AI platform that helps clients safely access and optimize leading LLMs to scale their own AI from pilot to production.
Equal Opportunity Employer Statement
At TELUS Digital, we are proud to be an equal opportunity employer and are committed to creating a diverse and inclusive workplace. All aspects of employment, including the decision to hire and promote, are based on applicant's qualifications, merits, competence and performance without regard to any characteristic related to diversity.
Back to previous page",,linkedin
IT Manager (Hanoi),CNK Consulting Vietnam,,"Hanoi, Hanoi, Vietnam",,,,7.0,"['Security', 'Cybersecurity']",Full-time,Not Applicable,2026-05-22,,"Job Description
Position Summary
The IT Manager is responsible for managing the company's IT infrastructure, systems, and digital transformation initiatives.
Key Responsibilities
Manage IT systems including hospital systems, ERP, and other internal platforms.
Ensure system stability, cybersecurity, and data protection.
Lead the IT team and manage daily IT operations.
Coordinate with vendors and headquarters on system implementation.
Manage IT infrastructure and technology upgrades.
Control IT budgets and ensure efficient resource utilization.
Requirements
Bachelors degree in Information Technology, Computer Science, or related field.
Minimum 7 years of IT experience with at least 3 years in a managerial role.
Experience managing enterprise systems.
Strong leadership and project management skills.
Good English communication skills.
Benefits
Competitive salary package.
Professional working environment.
Opportunities for technology innovation.
Contact: hang@cnk-consulting.com.vn (Ms. Lia Thu Hang)
﻿﻿
Note: ﻿We appreciate all applications; however, only shortlisted candidates will be contacted","Competitive salary package.
Professional working environment.
Opportunities for technology innovation.
Contact: hang@cnk-consulting.com.vn (Ms. Lia Thu Hang)
﻿﻿
Note: ﻿We appreciate all applications; however, only shortlisted candidates will be contacted",linkedin
IT Support Intern,SolarEdge Technologies,,"Củ Chi, Ho Chi Minh City, Vietnam",,,,,"['Scala', 'Linux', 'Networking', 'Firewall']",Volunteer,Not Applicable,2026-06-07,,"Provide first-level IT support for office users and production-related needs.
Support troubleshooting of hardware, software, and basic networking issues.
Assist in supporting production line equipment from the IT infrastructure side.
Support system monitoring, maintenance, and backup activities.
Assist in documenting system changes, layouts, and IT procedures.
Provide professional and friendly support to internal users.
Serve as the first point of contact for users seeking technical assistance via phone, email, or ticketing systems.
Support remote troubleshooting through diagnostic techniques and guided problem-solving.
Escalate unresolved issues to senior IT support personnel when necessary.
Record incidents, issues, and resolutions accurately in IT logs or systems.
Follow up with users to ensure issues are resolved in a timely manner.
Support continuous improvement initiatives for IT processes and procedures.
Perform other tasks assigned by the supervisor.
Requirements:
Final-year students or fresh graduates in Information Technology, Computer Science, Network Administration, or related fields.
Comfortable communicating in English in a professional environment.
Basic knowledge of computer hardware and Windows operating systems; Linux knowledge is a plus.
Basic understanding of LAN/networking concepts.
Strong willingness to learn and develop technical skills.
Good communication skills and teamwork mindset.
Good analytical and troubleshooting abilities.
Previous internship or exposure to manufacturing environments is an advantage.
Knowledge of backup software, Cisco switches, or FortiGate firewalls is a plus, but not mandatory.",,linkedin
Nhân viên IT,Công Ty Cổ Phần Bảo Chánh,,"Ho Chi Minh City, Ho Chi Minh City, Vietnam",,,,,[],Full-time,Not Applicable,2026-03-23,,"Mô tả công việc
MÔ TẢ CÔNG VIỆC
Thực hiện những công việc liên quan đến mảng công nghệ thông tin; phần mềm; phần cứng; quản trị mạng...
Quản lý, triển khai bảo hành và sửa chữa các thiết bị: PC, Server, máy in, thiết bị lưu điện UPS, màn hình, linh kiện máy tính…
Chịu trách nhiệm quản lý hệ thống server chủ
Quản lý và khắc phục sự cố hệ thống mạng, máy tính văn phòng;
Quản lý Hệ thống thoại
Hệ thống mail công ty;
Xây dựng, quản lý hệ thống cơ sở vật chất, mạng CNTT cho công ty
Và những công việc khác
Cao đẳng",,linkedin
"Customer Solutions Consultant, Platform, Google Cloud",Google,,Vietnam,,,,6.0,"['Rust', 'Scala', 'GCP', 'AI', 'Security']",Full-time,Not Applicable,2026-06-07,,"Please visit this Google Careers posting for the Vietnamese-translated version of this role.
Note: Google's hybrid workplace includes remote roles.
Remote location: Vietnam.
Minimum qualifications:
Bachelor's degree or equivalent practical experience.
6 years of experience with cloud native architecture in a customer-facing or support role.
Experience with cloud engineering, on-premise engineering, virtualization, or containerization platforms.
Experience engaging with, or presenting to, technical stakeholders or executive leaders.
Experience in programming languages, debugging, systems design, prototyping, demos, or customer workshops.
Preferred qualifications:
Experience promoting technical solutions in Cloud AI.
Experience driving the entire business cycle (e.g., defining the delivery and consumption plan and transitioning it for execution).
Experience with security concepts (e.g., encryption, identity management, access control, attack vectors).
Experience building technical strategies to uncover new workloads with customers.
Experience migrating applications and services to cloud platforms.
About The Job
The Google Cloud Platform team helps customers transform and build what's next for their business — all with technology built in the cloud. Our products are developed for security, reliability and scalability, running the full stack from infrastructure to applications to devices and hardware. Our teams are dedicated to helping our customers — developers, small and large businesses, educational institutions and government agencies — see the benefits of our technology come to life. As part of an entrepreneurial team in this rapidly growing business, you will play a key role in understanding the needs of our customers and help shape the future of businesses of all sizes use technology to connect with customers, employees and partners.
As a Platform Customer Solutions Consultant, you will partner with sales teams to differentiate Google Cloud Platform (GCP) to the customers and serve as the customer’s primary technical partner and advisor, engaging in technical-led conversations to understand business issues. You will troubleshoot technical questions and roadblocks, engage in proofs-of-concepts and demos, and use the expertise to architect cross-pillar cloud solutions that solve business issues. You will drive the technical win and define the delivery and consumption plans to engage with technical and business leaders, and present solutions. You will focus on identifying, pursuing, and winning new business workloads and driving engagement within existing ones.
Google Cloud accelerates every organization’s ability to digitally transform its business and industry. We deliver enterprise-grade solutions that leverage Google’s technology, and tools that help developers build more sustainably. Customers in more than 200 countries and territories turn to Google Cloud as their trusted partner to enable growth and solve their most critical business problems.
Responsibilities
Develop and own the technical account plan and strategy, participate in planning and support the business goals.
Combine sales, programming, and solutions architecture expertise to prove the value of Google Cloud Platform (GCP) across the portfolio through demos, pilots and workshops.
Architect cross-pillar solutions, drive technical wins, and define initial delivery plans for customers, and continue to lead the technical engagement in the solution phase.
Facilitate the post-sales transition by supporting pricing activities and transitioning the final delivery plan to implementation teams.
Maintain awareness of progress against the delivery plan, provide support to cross-functional teams during ramp, delivery, migration or implementation phases.
Google is proud to be an equal opportunity workplace and is an affirmative action employer. We are committed to equal employment opportunity regardless of race, color, ancestry, religion, sex, national origin, sexual orientation, age, citizenship, marital status, disability, gender identity or Veteran status. We also consider qualified applicants regardless of criminal histories, consistent with legal requirements. See also Google's EEO Policy and EEO is the Law. If you have a disability or special need that requires accommodation, please let us know by completing our Accommodations for Applicants form .",,linkedin
Assistant Manager Tech Infrastructure,adidas,,"Củ Chi, Ho Chi Minh City, Vietnam",,,,1.0,"['Scala', 'Express', 'ITIL']",Full-time,Not Applicable,2026-06-14,,"Market business expects solid and best in class infrastructure support services, service management and project delivery. The Assistant Manager Tech Infrastructure will contribute to seamless running of IT services (day to day support) as well as project delivery (opening, closing & revamp activities) across a specific adidas market/country.He/she is also supporting the service quality of all end user services (e.g. Connectivity, Service Desk, Onsite Support a.k.a. Field Services and End Device Management) in order to deliver the right level of cross functional- or team services and actively participating with the Domain Product Owners and Business Partners on any Infrastructure related project and support service.
Key Responsibilities
Continual Improvement: Expect to take part in continual improvement initiatives and collaborate with relevant Domain Service Owners to highlight and contribute towards improvement activities.
Relationship Management: Your scope will be within a specific adidas market where you will be expected to support in stakeholder engagement/communications. You will be updating stakeholders to ensure everyone is understanding and updated on agreed level of our service.
Service Level Management: Monitors and logs the actual service provided, compared to that required by service level agreements.
Project Management: In charge of various smaller infrastructure projects, which need to be executed on time, in full and in budget. You could be expected to engage with local vendors to ensure that contractual agreements are adhered to as well as monitoring vendor performance.
Service Management & Incident Management
Oversees external vendor incident management (support) process compliancy (ITIL standards) according to defined and agreed global process governance set by Product Domain
Continuously keep business stakeholders updated on elevated incidents.
Problem Management
Investigates problems in systems, processes, and services.
Assists with the implementation of agreed remedies and preventative measures.
Key Relationships:
Global Infrastructure (Tech Core) Service Owners for service improvements and vendor performance metrics
SPOC to local business team members around overall service performance & escalation mgmt.
External Service Providers for service review and service quality improvements.
Requisite Education And Experience / Minimum Qualifications
Four-year college or university degree with focus on Business Administration or IT orrelated areas, or equivalent combination of education and experience
Proficient spoken and written command of English
At least 3-year experience in IT
1 year of experience in relevant area
adidas celebrates diversity, supports inclusiveness and encourages individual expression in our workplace. We do not tolerate the harassment or discrimination toward any of our applicants or employees. We are an equal opportunity employer.",,linkedin
Chuyên viên Hỗ trợ – Helpdesk,NMS,,"Hanoi, Hanoi, Vietnam",,,,,[],Full-time,Not Applicable,1 year ago,,"MÔ TẢ CÔNG VIỆC
Quản lý hệ thống, xử lý lỗi, hỗ trợ người dùng, tư vấn nâng cấp hệ thống hoặc thiết bị thay thế.
Cài đặt, sửa chữa phần mềm, hệ điều hành.
Xử lý các trục trặc thông thường về hệ thống mạng, điện thoại analog và voip, wifi, điện, camera, cửa từ …
Giám sát hệ thống và các thiết bị mạng trong văn phòng.
Chưa có kinh nghiệm – > được đào tạo trước khi làm việc
YÊU CẦU KỸ NĂNG
Tốt nghiệp Đại học
Nhanh nhẹn chịu khó học hỏi.
Giao tiếp tốt
Tiếng Anh giao tiếp tốt.
Làm việc tại Thanh Hóa
QUYỀN LỢI
Mức thu nhập cạnh tranh
“NMS care” bảo hiểm dành riêng cho nhân viên NMS.
Nghỉ hè: Theo chính sách của công ty ( vào tháng 5 hàng năm).
Có cơ hội được xem xét nâng lương 2 lần 01 năm, tùy vào kết quả công việc.
Môi trường làm việc hiện đại, thân thiện.
Chính sách cho người lao động tuân theo “Bộ luật lao động” tại Việt Nam.",,linkedin
Information Technology Technician (IT Technician),XP Power,,"Binh Duong, Vietnam",,,,2.0,"['Linux', 'Active Directory', 'Networking']",Full-time,Mid-Senior level,2026-06-14,,"Job Description
Position Summary:
The
IT Technician and helpdesk
specialist joins the IT Support team to maintain computer networks, software, and hardware across the organization. This role is critical in providing timely technical support and helpdesk services, with a primary focus on supporting
production lines
to ensure operational continuity
The IT Technician and helpdesk
will monitor and maintain factory computer systems, telephone systems, IP CCTV system and network infrastructure, while resolving technical issues ticketed through the company IT Ticket system.
Qualifications
Education & Experience
Degree:
Technical college degree majoring in Electronics or Computer Technical.
Experience:
Approximately 2 years of experience in similar positions, with at least 1 years specifically in an IT support role.
Industry Focus:
At least 1 years of experience in system, network, and infrastructure support within the Production industry (Joint Venture or Foreign Owned Company preferred).
Additional information
Technical Skills
Endpoint & OS Management:
Advanced proficiency in Windows 10/11 and Linux environments; hands-on experience managing Windows Active Directory (users, groups, and GPOs).
Cloud & Productivity:
Basic-level support for
Microsoft 365
(formerly Office 365) and legacy Office 2016 suites support for end user.
Networking:
Experience configuring and maintaining
Cisco Meraki
(wired/wireless) equipment, managing and troubleshooting general network infrastructure.
Monitor and troubleshoot the factory’s wired and wireless
network infrastructure
using the
Cisco Meraki.
Diagnose connectivity issues for IoT devices, barcode scanners, label printers.
Deploy, replace, and configure Meraki hardware (Access Points, Switches, network cable) as directed by the network engineering team.
Maintain strong Wi-Fi coverage across high-interference manufacturing zones.
IT Helpdesk and hardware support:
Ability to install, troubleshoot, and maintain diverse hardware including
IP CCTV
,
IP Phone systems
, and Production Machine systems.
Provide rapid-response technical support for factory staff, resolving hardware, software, and peripheral issues.
Deploy, configure, and stage new hardware (PCs, ruggedized laptops, industrial printers, and handheld scanners).
Utilize endpoint management tools to handle automated
software deployment
, imaging, and remote configurations.
Document all incidents, requests, and resolutions accurately in the IT ticketing system.
Maintain a precise inventory of all IT assets on the factory floor.
Soft Skills & Professional Qualities
Accountability:
High sense of integrity and a meticulous
attention to detail
when documenting issues and performing system maintenance.
Communication:
Strong interpersonal skills with the ability to translate technical jargon into simple terms for non-technical users. Clear, patient communication skills with both floor operators and corporate IT teams.
Urgency & Adaptability:
Ability to thrive in a fast-paced, high-pressure manufacturing environment where downtime equals lost revenue.
Culture Fit:
Dedicated professional whose work ethics align with our
Company Core Values
.
CCNA, MCSA is prefferred.",,linkedin
Technical Support Engineer,HYXI,,Vietnam,,,,,[],Full-time,Mid-Senior level,2026-06-14,,"Responsibilities
Responsible for the debugging guidance of the corresponding regional products, organizing technical training, maintenance and upgrading work (including inverters, data collectors, and management systems);
Carry out product technology and solution work such as photovoltaic inverters; responsible for the drafting and review of technical agreements, the provision of project technical information, and the drafting and review of technical bids;
Collect and study the medium- and long-term needs of customers for products, provide demand input for the company's product planning and development, and participate in the process review of photovoltaic inverter product development and iteration;
Responsible for the market docking, intelligence information collection and analysis of photovoltaic inverter products, and responsible for market demand customer technical support and answering questions;
Other tasks assigned by superiors.
Qualifications
2+ years' of technical support experience in solar industry
Customer service oriented
Strong written and verbal and troubleshooting skills",,linkedin
IT Executive,VINAMR - Vietnam Marketing Research & Consultants,,"Ho Chi Minh City, Vietnam",,,,,['Linux'],Full-time,Mid-Senior level,2026-06-16,,"ABOUT US
VINAMR
, is a member of
The AMR Group
that is an expert in Vietnam and its markets. The team is local but with international training and experience, operating to global standards. VINAMR provides world class market research services through:
·
Deep understanding of the brief
·
International Quality of Fieldwork
·
Professional data handling and decision-orientated analysis
·
Action focused recommendation
MÔ TẢ CÔNG VIỆC
Lập kế hoạch
Tư vấn chiến lược cho Ban Giám đốc về định hướng phát triển công ty trong ngắn hạn (1-3 năm).
Xây dựng hệ thống tài liệu tiêu chuẩn để sử dụng đồng bộ trong toàn công ty.
Quản trị hệ thống
Quản lý máy chủ.
Quản lý hệ thống mạng.
Quản lý thiết bị CNTT của công ty.
Quản lý hệ thống viễn thông văn phòng.
Quản lý trang web công ty.
Quản lý phần mềm.
Am hiểu và có khả năng vận hành hệ sinh thái Microsoft 365 (O365), bao gồm quản trị tài khoản người dùng, phân quyền, email, lưu trữ dữ liệu, cộng tác nội bộ và hỗ trợ xử lý sự cố hệ thống.
Công việc cụ thể
Quản trị hệ thống máy tính, hỗ trợ các phòng ban vận hành hiệu quả.
Quản trị thông tin trên trang web của công ty.
Xây dựng hệ thống mạng nội bộ (intranet).
Xử lý các sự cố liên quan đến mạng.
Quản lý trang thiết bị công nghệ thông tin của công ty.
Thực hiện bảo trì định kỳ, nâng cấp hệ thống và thiết bị.
Đề xuất kế hoạch bảo trì, nâng cấp hệ thống, thay đổi dịch vụ theo nhu cầu phát triển của công ty.
Hỗ trợ công tác quản trị hành chính, bảo trì và thay thế tài sản, thiết bị văn phòng.
Thực hiện các công việc khác theo yêu cầu từ Ban Giám đốc.
Cài đặt, cấu hình, nâng cấp và duy trì hệ điều hành (Windows, macOS, Linux) và các phần mềm văn phòng thiết yếu, bao gồm phần mềm văn phòng và email.
Vận hành và giám sát hệ thống an ninh mạng, tường lửa và thực hiện sao lưu dữ liệu định kỳ.
Đề xuất và triển khai các giải pháp công nghệ mới nhằm nâng cao hiệu quả và giảm rủi ro về bảo mật thông tin.
YÊU CẦU
Tốt nghiệp chuyên ngành Công nghệ Thông tin, Khoa học Máy tính hoặc có liên quan.
Bảo mật thông tin nội bộ công ty.
Tối thiểu 2 năm kinh nghiệm trong lĩnh vực vận hành hệ thống CNTT.
Có kinh nghiệm triển khai các giải pháp CNTT.
QUYỀN LỢI
Lương thỏa thuận
Laptop và các công cụ, dụng cụ phục vụ cho công việc
Bảo hiểm các loại
Thưởng tháng theo năng suất và hiệu quả công việc
Lương tháng 13
Thưởng cuối năm (phụ thuộc tình hình kinh doanh của công ty)
Du lịch hàng năm
Thời gian làm việc:
8h30 – 5h30 Từ Thứ 2 đến Thứ 6, & hai ngày Thứ 7 trong tháng
Địa điểm làm việc:
Lô G, Lầu 16, Phòng 21, The Manor Officetel 2, 91 Nguyễn Hữu Cảnh, Phường Thạnh Mỹ Tây, TP.HCM",,linkedin
IT Supervisor,Jabil,,"Đồng Nai, Lam Dong, Vietnam",,,,5.0,"['Windows Server', 'Excel', 'Active Directory', 'Firewall', 'Security']",Full-time,Not Applicable,2026-04-22,,"This role will be based in our new plant in Nhon Trach, Dong Nai, Vietnam.
Job Summary:
The IT Supervisor at Jabil, Inc. will lead and manage a team of IT professionals, ensuring the efficient and reliable operation of IT systems and infrastructure to support business objectives. This role involves overseeing day-to-day IT support, project implementation, and maintaining high standards of service delivery.
Job Responsibilities:
Supervise and mentor a team of IT technicians and specialists, including performance management, training, and scheduling.
Oversee the deployment, maintenance, and troubleshooting of hardware, software, and network systems across Jabil facilities.
Manage IT service desk operations, ensuring timely resolution of technical issues and user support requests.
Participate in the planning, execution, and completion of IT projects, including system upgrades, migrations, and new technology implementations.
Ensure compliance with Jabil's IT policies, procedures, and security standards.
Monitor system performance and proactively identify areas for improvement and optimization.
Collaborate with other departments to understand IT needs and provide effective technological solutions.
Manage IT inventory, procurement, and asset tracking.
Prepare and present reports on IT performance, project status, and resource utilization.
Stay current with industry trends and emerging technologies to recommend innovative solutions.
Job Qualifications:**
Bachelor's degree in Information Technology, Computer Science, or a related field.
5+ years of experience in IT support or systems administration, with at least 2 years in a supervisory or leadership role.
Proficiency in Mandarin speaking skills would be preferred.
Maintain, support and develop enterprise applications.
Proven experience with Windows Server environments, Active Directory, network infrastructure (routers, switches, firewalls), and virtualization technologies.
Strong understanding of IT security principles and best practices.
Excellent problem-solving, analytical, and organizational skills.
Effective communication and interpersonal skills, with the ability to lead and motivate a team.
Ability to manage multiple priorities and projects simultaneously in a fast-paced manufacturing environment.
Relevant IT certifications (e.g., CompTIA A+, Network+, Security+, Microsoft Certified Professional) are a plus.
, BE AWARE OF FRAUD: When applying for a job at Jabil you will be contacted via correspondence through our official job portal with a jabil.com e-mail address; direct phone call from a member of the Jabil team; or direct e-mail with a jabil.com e-mail address. Jabil does not request payments for interviews or at any other point during the hiring process. Jabil will not ask for your personal identifying information such as a social security number, birth certificate, financial institution, driver’s license number or passport information over the phone or via e-mail. If you believe you are a victim of identity theft, contact your local police department. Any scam job listings should be reported to whatever website it was posted in.",,linkedin
CHIEF TECHNOLOGY OFFICER (CTO),CNK Consulting Vietnam,,"Hanoi, Hanoi, Vietnam",,,,5.0,"['Scala', 'AI']",Full-time,Not Applicable,2026-06-07,,"Our client
, a leading technology company in Vietnam, is undergoing a major transformation. They are expanding beyond traditional software to offer AI‑as‑a‑Service and Agent‑as‑a‑Service, serving hundreds of thousands of enterprises, government agencies, and business households.
They are seeking a
CTO
who can:
Drive long‑term technology strategy to position the company as a regional leader in AI and Agentic AI.
Build large‑scale AI and data platforms that create sustainable competitive advantages.
Modernize system architecture to serve millions of users with high reliability and performance.
Develop a strong engineering organization that scales quickly, delivers fast, and continuously learns.
I. KEY RESPONSIBILITIES
Provide leadership and direction for technology strategy, roadmap, system architecture, and data infrastructure.
Ensure the company remains a technology leader in Vietnam and the region.
Proactively adopt global technology trends to create business competitive advantages and improve customer operational efficiency.
II. CORE FUNCTIONS
1. AI Strategy
Define strategic direction, research, and execution to keep AI solutions cutting‑edge.
Deliver clear, practical value to customers through AI applications.
2. Data Governance
Build and manage a comprehensive data ecosystem (collection, storage, utilization).
Use data as the foundation for AI development and to support leadership decision‑making.
3. System Architecture
Design and standardize modern system architecture.
Ensure system components work cohesively with strong scalability and high performance.
4. Team Development
Foster a continuous learning culture.
Standardize development processes, competency frameworks, and training programs.
Elevate the overall technical capability of the organization.
III. CANDIDATE PROFILE
A. Required Qualifications
Strong intelligence, logical thinking, creativity, and decisiveness.
Minimum 5 years of experience as a CTO (or equivalent) in large technology companies (500+ software engineers), either domestic or international.
Proven experience operating systems that serve millions of users and hundreds of thousands of businesses.
Deep understanding of AI and hands‑on experience building AI products or transforming software products with AI to deliver real user value.
Bachelor's degree in Computer Science, Information Technology, or a related field.
Fluent English, with demonstrated experience presenting and speaking at conferences or seminars.
B. Preferred Qualifications
Master's or PhD in Computer Science, IT, or related fields.
Experience working in a product‑driven environment.
IV. BENEFITS & OPPORTUNITIES
1. Competitive Compensation
Highly competitive salary and bonus based on capability and business performance.
Attractive long‑term incentive policies (to be discussed during interviews).
2. Career Growth
Opportunity to learn, research, and apply world‑leading technologies at a top product company in Vietnam.
Play a key role in shaping long‑term technology strategy and the product ecosystem.
Work on complex, large‑scale systems serving millions of users.
Tackle challenging problems in advanced technology and architecture.
3. Global Exposure
Represent the company in collaboration with leading domestic and international experts.
Working location:
Hanoi, Viet Nam
Contact:
ngochien@cnk-consulting.com.vn / 0941918526 (Zalo/Call)
Note:
We appreciate all applications; however, only shortlisted candidates will be contacted.",,linkedin
[HCM] IT PROJECT ASSISTANT,CMC Technology & Solution (CMC TS),,"Tân Thuan Đông, Ho Chi Minh City, Vietnam",,,,,[],Full-time,Not Applicable,2026-05-31,,"[HCM] IT Project Assistant
MÔ TẢ CÔNG VIỆC
Tiếp nhận thông tin và hỗ trợ hoàn thành các yêu cầu từ các dự án có liên quan
Tiếp nhận hồ sơ yêu cầu thực hiện hợp đồng và xử lý thông tin ban đầu (thủ tục thanh toán, bảo lãnh, yêu cầu nhập hàng,…)
Thực hiện bảo lãnh thực hiện hợp đồng, bảo lãnh bảo hành (nếu có)
Thực hiện yêu cầu xuất hàng hóa, hóa đơn và lập biên bản bàn giao, nghiệm thu và thanh lý
Thực hiện các loại công văn giấy tờ trong quá trình thực hiện dự án theo yêu cầu của PM
Hỗ trợ Phòng Kế toán theo dõi và thu hồi công nợ
Chuyển giao hồ sơ, biên bản cho các bộ phận liên quan và lưu trữ hồ sơ dự án
Lập kế hoạch công việc
Lập kế hoạch mô tả chi tiết các công việc sẽ thực hiện trong quá trình theo dõi tiến độ và thực hiện hỗ trợ
Lập kế hoạch công việc cá nhân theo quý và năm.
Thực hiện các công việc văn thư
Theo dõi và đề xuất văn phòng phẩm
Quản lý lưu trữ tài liệu
Làm phiếu thanh toán các chi phí gửi tài liệu, gửi hàng
Tuân thủ quy trình, quy định và cải tiến công việc
Đảm bảo tuân thủ việc thực hiện các quy trình, quy định quản lý chất lượng của bộ phận và công ty
Liên tục cải tiến quy trình và sáng kiến nâng cao chất lượng dịch vụ
Thực hiện công tác báo cáo theo quy định của công ty như báo cáo tuần, quý, tháng và báo cáo theo dự án
Tham gia các chương trình đào tạo nội bộ
Tham gia các chương trình đào tạo bên ngoài theo yêu cầu để nâng cao kỹ năng làm việc cũng như chuyên môn liên quan
YÊU CẦU
1+ năm kinh nghiệm trong lĩnh vực trợ lý thư ký các dự án CNTT
Tốt nghiệp Đại học ngành CNTT /QTKD hoặc các chứng chỉ tương đương
Có kiến thức về quản lý Dự án và Quy trình triển khai Dự án
Có kinh nghiệm làm đấu thầu, hồ sơ thầu, hợp đồng
Có kiến thức về quy trình, thủ tục thanh toán, xuất hóa đơn, công tác thu hồi công nợ
Tiếng Anh giao tiếp cơ bản, đọc hiểu tài liệu
Sử dụng thành thạo MS Office
Kỹ năng: lập kế hoạch, viết và tạo lập văn bản, theo dõi triển khai hợp đồng, kỹ năng làm việc nhóm và giải quyết vấn đề
PHÚC LỢI
THU NHẬP
Lương tháng thỏa thuận upto 15.000.000 VND
Tổng thu nhập lên tới 14-15 tháng lương/năm
Gói phúc lợi tiền mặt 9 triệu/năm vào các dịp Lễ, Tết, Sinh nhật Tập đoàn...
Xét tăng lương theo năng lực và kết quả công việc định kỳ 1 lần/năm.
CHẾ ĐỘ ĐÃI NGỘ
Đóng BHXH đầy đủ và BH sức khỏe CMC Care ngay khi ký Hợp đồng chính thức
Nghỉ phép: 12 ngày/ năm + 1 ngày nghỉ hưởng lương vào dịp sinh nhật bản thân
Được tham gia các chương trình đào tạo chuyên môn, nghiệp vụ từ cơ bản đến nâng cao.
Được trang bị laptop/thiết bị công nghệ trong quá trình làm việc
Môi trường trẻ, năng động và chuyên nghiệp
Tham gia Team building và các hoạt động văn hóa đa dạng
Được vinh danh các giải thưởng năm của Tập đoàn CMC, CMC TS và khen thưởng trên các thành tích xuất sắc (dự án, kinh doanh, quản trị)
Nộp đơn ứng tuyển công việc này
Họ & tên bạn *
Địa chỉ email *
Số điện thoại *
Thông tin thêm
CV của bạn *
Click để chọn & tải lên CV của bạn
Mã bảo mật *
Nộp đơn ứng tuyển",,linkedin
Fresher Manual testing (Web),VTI,,"Hanoi, Hanoi, Vietnam",,,,,['AWS'],Full-time,Not Applicable,2026-06-15,,"MÔ TẢ CÔNG VIỆC
Sẽ thực hiện các công việc của tester:
Tạo testview point, Scenario
Create IT, ST case
Excecute IT,ST
Được tào tạo chuyên môn về nghiệp vụ ERP, MES
YÊU CẦU
Có từ 6 tháng - 1.5 năm kinh nghiệm test.
Có kinh nghiệm và skill thực hiện test và viết test case tốt
Nhanh nhẹn, chủ động trong công việc, có thể làm việc độc lập
ĐÃI NGỘ
Tối thiểu 13 tháng lương 1 năm - chưa tính các khoản thưởng khác trong quá trình làm việc như thưởng theo KPI hiệu quả công việc, thưởng dự án và thưởng theo doanh thu.
Được khám sức khỏe định kỳ hàng năm và được đóng BHXH, BHYT, BHTN đầy đủ theo luật quy định
Hưởng chế độ nghỉ mát, teambuilding 4 lần/ 1 năm, và các hoạt động thể thao, giải trí phong phú bao gồm: các CLB Bơi, Yoga, Zumba, Kendo, yêu cầu bài hát qua radio nội bộ.
02 nhân viên xuất sắc nhất năm sẽ được thưởng một chuyến du lịch miễn phí đến các quốc gia như Nhật Bản, Đài Loan, Singapore..v.v.
Cơ hội thăng tiến, nâng cao thu nhập cho người có năng lực, tâm huyết và gắn bó lâu dài.
Được đào tạo tiếng Nhật miễn phí tại công ty.
Cơ hội được đào tạo để nâng cao nghiệp vụ chuyên môn. Cơ hội hỗ trợ thi các chứng chỉ về Cloud, AWS, PMF, PMP.
Giờ làm việc: từ 8h30 đến 17h30, từ thứ Hai đến thứ Sáu hàng tuần.
Ngày hết hạn: 08 tháng 7, 2026
Chi tiết công việc
Số Lượng
1
Địa Điểm
Hà Nội
Kinh Nghiệm
1 năm
Trình Độ
Fresher
Hình Thức
Toàn thời gian
Kỹ Năng
Manual testing (Web)",,linkedin
Presales Engineer – IT Infrastructure & SecurityHCM,HPT Vietnam Corporation,,"Ho Chi Minh City, Ho Chi Minh City, Vietnam",,,,,"['VMware', 'Security']",Full-time,Not Applicable,2025-07-26,,"Presales Engineer – IT Infrastructure & Security
Up to $1500 Hồ Chí Minh 19/04/2025 File CV mẫu
MÔ TẢ CÔNG VIỆC
Tư vấn giải pháp CNTT: Khảo sát nhu cầu khách hàng, phân tích yêu cầu và đề xuất mô hình, giải pháp công nghệ thông tin (network, security, server, storage, cloud...)
Hỗ trợ nhân viên kinh doanh tư vấn bán hàng và giới thiệu sản phẩm, dịch vụ cho khách hàng
Đầu mối quan hệ với các nhà sản xuất, kênh phân phối để POC và xây dựng giải pháp kỹ thuật cung cấp cho thị trường
Xây dựng các tài liệu kỹ thuật giới thiệu giải pháp, sản phẩm, dịch vụ công nghệ thông tin
Tham gia làm hồ sơ thầu.
Thực hiện các công việc phát triển sản phẩm và dịch vụ theo theo định hướng của công ty
YÊU CẦU CÔNG VIỆC
Tốt nghiệp đại học chuyên ngành CNTT
Tối thiểu 2 năm kinh nghiệm vị trí tư vấn, triển khai
Am hiểu sâu sắc một hoặc một số lĩnh vực liên quan đến công nghệ mạng, máy chủ, lưu trữ, ảo hóa – điện toán đám mây
Có kỹ năng giao tiếp và thuyết trình tốt bằng tiếng Anh
Ưu tiên ứng viên có kinh nghiệm & chứng chỉ:
Đã làm việc với các sản phẩm/giải pháp của Microsoft, VMware, IBM, Cisco, Juniper, Palo Alto.
Có một trong các chứng chỉ: MCSE, CCNP, VCP… là lợi thế
Kỹ năng mềm:
Giao tiếp, thuyết trình, đàm phán tốt.
Khả năng viết tài liệu kỹ thuật mạch lạc, rõ ràng.
Tư duy giải quyết vấn đề, xử lý tình huống linh hoạt.
QUYỀN LỢI
Review lương theo năng lực và kết quả công việc định kỳ hàng năm
Thưởng vinh danh nhân viên xuất sắc hàng quý, năm
Thưởng vào các dịp Lễ/Tết hàng năm
Tài trợ 100% chi phí tham gia các khóa học, thi chứng chỉ phục vụ cho công việc
Có nhiều cơ hội thăng tiến và phát triển nghề nghiệp
Được trang bị laptop làm việc hiện đại
Tổ chức nhiều hoạt động teambuilding, nghỉ hè hàng năm hấp dẫn
THÔNG TIN LIÊN HỆ
Các ứng viên quan tâm và mong muốn làm việc tại Công ty HPT vui lòng gửi hồ sơ ứng tuyển qua email: tuyendung@hpt.vn hoặc trực tiếp nộp đơn tại:
Tp. Hồ Chí Minh:
Chi nhánh HPT, Số 37 Nguyễn Trường Tộ, Phường 12, Quận 4, TP. Hồ Chí Minh",,linkedin
TESTER IT COMTOR – INTERN,"Keizu Vietnam Co., Ltd.",,Ho Chi Minh City Metropolitan Area,,,,,[],Internship,Not Applicable,2026-06-20,,"Responsibilities
– Read and understand the requirements description documents.
– Participate in the creation of test documents and test execution for existing programs.(with training)
– Log Bugs, and follow up bug fix progress.
Requirements
– Final year student or graduated student in IT, knowing Japanese (N4, N5) is an advantage. (optional)
– Final year students or graduated students of Japanese, Japanese N3 and above.
– Love to explore the software testing environment.
– Being diligent, hard-working, quick-learning, meticulous and detailed person.
– Skills: word processing, communication, working independently and teamwork.
– Enjoy working in a young and dynamic environment
– Ability to work full-time is preferred.
Conditions
– Experience the process and working environment at a Japanese company.
– Access to a learning platform with documents and supports for graduation thesis (if needed).
– Travel and lunch allowance.
– Gain Experience In Applying Practical Skills And Knowledge.
– Opportunity to learn basic IT knowledge.
– Support for JLPT certification exam fees.
– Young, dynamic and friendly working environment.
– Opportunity to become a full-time employee (with bonus).
– Email to receive CV: ksvc_hr@keizu.vn
For any questions, please contact the human resources department – Tel: 028 6290 3301 (0)",,linkedin
IT Helpdesk,Golden Gate Restaurant Group Careers,,"Hanoi, Hanoi, Vietnam",,,,,['Linux'],Full-time,Not Applicable,2026-04-22,,"Mô tả công việc
MÔ TẢ CÔNG VIỆC
Quản lý hệ thống, xử lý lỗi, hỗ trợ người dùng, tư vấn nâng cấp hệ thống hoặc thiết bị thay thế;
Cài đặt, sửa chữa phần mềm, hệ điều hành;
Xử lý các sự cố thông thường về hệ thống mạng, điện thoại, wifi, điện, camera, Pos, Fax,...;
Giám sát hệ thống và cá thiết bị mạng trong văn phòng;
Nghiên cứu và triển khai các tools, ứng dụng phục vụ công việc
YÊU CẦU
Tốt nghiệp các trường, trung tâm đào tạo về chuyên ngành IT phầ ucwnsg mạng;
Nắm vững về hệ thống phần cứng máy vi tính, máy in, máy pos, fax camera có kinh nghiệm xử lý các trục trặc về phần cứng;
Cài đặt cấu hình và sử dụng thành thạo hệ thống phần mềm: hệ điều hành thông thường, hệ điều hành server, phần mềm tiện ích, ứng dụng văn phòng;
Nắm vững các khái niệm về hệ thống mạng máy tính, có kinh nghiệm về việc lắp đặt, vận hành, giám sát và quản trị hoạt động của mạng LAN và các két nối internet (LAN, ADSL, cáp quang,...);
Nắm vững về hệ điều hành Window và Linux;
Có khả năng tự tìm tòi học hỏi, yêu thích và đam mê ứng dụng các công nghệ mới;
Có tinh thần làm việc nhóm, có trách nhiệm trong công việc;
Ưu tiên ứng viên có các chứng chỉ liên quan.
QUYỀN LỢI
Đãi Ngộ
Lương cạnh tranh + thưởng hiệu suất + tháng lương 13,...
Được tham gia các khóa huấn luyện, đào tạo nâng cao kỹ năng, nghiệp vụ của Golden Gate.
Cơ hội thử thách và phát triển:
Cơ hội được làm việc trong môi trường làm việc chuyên nghiệp, là tập đoàn F&B hàng đầu Việt Nam.
Được ủng hộ, trao quyền cho những ý kiến sáng tạo và đột phá.
Văn hoá môi trường làm việc:
Làm việc Thứ 2 - Thứ 6 (8h30 - 17h30)
Môi trường làm việc trẻ, năng động, sáng tạo, công bằng, kỷ luật.
Có lộ trình thăng tiến rõ ràng.",,linkedin
IT Systems & Applications Support,BSS Group,,Hanoi Capital Region,,,,,"['Jira', 'ServiceNow']",Full-time,Entry level,2026-06-17,,"Vị trí Application Support đóng vai trò trung tâm trong việc đảm bảo các ứng dụng phần mềm của BSS Group vận hành ổn định, hiệu quả và đáp ứng nhu cầu của người dùng nội bộ. Vị trí này chịu trách nhiệm tiếp nhận, xử lý và điều phối các yêu cầu liên quan đến ứng dụng, quản lý vòng đời phần mềm và đảm bảo tuân thủ chính sách công ty.
Mô tả công việc
Tiếp nhận, xử lý và hỗ trợ người dùng các vấn đề liên quan đến ứng dụng (đặc biệt SaaS).
Theo dõi, xử lý sự cố theo SLA và phối hợp nhà cung cấp khi cần.
Cài đặt, cấu hình và quản lý thay đổi ứng dụng theo yêu cầu.
Hỗ trợ triển khai hệ thống mới, nâng cấp và tích hợp ứng dụng.
Viết tài liệu hướng dẫn sử dụng và duy trì kho kiến thức (knowledge base).
Quản lý giấy phép phần mềm, theo dõi chi phí sử dụng và làm việc với nhà cung cấp.
Kiểm tra việc sử dụng ứng dụng, đảm bảo tuân thủ quy định, tối ưu chi phí và nâng cấp hệ thống.
Yêu cầu
Tốt nghiệp Đại học trở lên chuyên ngành Công nghệ Thông tin, Hệ thống Thông tin, Quản trị Kinh doanh hoặc các ngành liên quan.
Có ít nhất 1-2 năm kinh nghiệm ở vị trí Application Support, IT Support, System Administrator.
Có kinh nghiệm làm việc với SaaS/Cloud (Jira, Google Workspace, Microsoft 365…).
Thành thạo soạn thảo tài liệu kỹ thuật, sử dụng các công cụ quản lý ticket/helpdesk (Jira/Freshdesk/ServiceNow).
Có kiến thức về quản lý bản quyền phần mềm và theo dõi chi phí (software asset management).
Kỹ năng giao tiếp tốt, xử lý vấn đề, phối hợp hiệu quả với các nhóm IT và nghiệp vụ..
Tiếng Anh đọc hiểu tài liệu kỹ thuật cơ bản.
Quyền lợi
Mức lương:10-15M, đánh giá tăng lương 2 lần/năm.
Nhiều phúc lợi hấp dẫn: 13.5 ngày nghỉ phép/năm (12 ngày nghỉ phép theo quy định và 1.5 ngày nghỉ phép du lịch hàng năm), bảo hiểm, hiếu hỉ, quà sinh nhật, thưởng thâm niên, thưởng tháng 13 và các phúc lợi khác theo quy định của pháp luật.
Môi trường làm việc trẻ trung (95% là 9x), làm hết sức, chơi hết mình. Văn phòng làm việc tiện nghi. Free trà, cafe và có tủ đồ uống.
Tham gia các chương trình team building, dã ngoại, sinh nhật thành viên, du lịch, từ thiện… do BSS tổ chức thường xuyên.
Tham gia các CLB chạy, đá bóng, boardgame, văn nghệ… sau giờ làm việc.
Nghỉ hằng năm và các phúc lợi khác theo quy định của pháp luật.",,linkedin
Product Support,Tuyển Dụng 247,,"Ho Chi Minh City, Ho Chi Minh City, Vietnam",,,,,[],Full-time,Not Applicable,2026-06-14,,"Position: Product Operation
Working Location: Sonatus Building, Le Thanh Ton, Ben Nghe Ward, HCMC
Time: Mon - Fri (9 am - 6pm)
About us: A leading Southeast Asian e-commerce platform, providing an integrated ecosystem that connects millions of buyers and sellers through innovative technology and user-centric solutions.
Key Responsibilities:
Product Support & Issue Handling
Ensure stable product operations by receiving and processing support requests, and coordinating with relevant teams to resolve incidents in a timely manner.
System Configuration & Maintenance
Perform system configuration and updates based on operational requirements; ensure accuracy, logical consistency, and alignment with business needs.
UAT Execution & Quality Validation
Participate in User Acceptance Testing (UAT), assess the quality of new features, and provide feedback to enhance user experience.
Deployment Coordination & User Support
Support product release phases including post-deployment checks, preparing user guides, and conducting internal training sessions.
Job Requirements:
Education:
Bachelors or College degree in IT, Business, Logistics, Marketing or related fields.
Technical Skills:
Experience with ticketing systems, internal portals, and technical support tools. Ability to read and interpret technical documentation (GSheet), execute UAT, report bugs, and write clear support materials.
Analytical & Process Compliance:
Strong analytical thinking, ability to follow standardized processes, and collaborate effectively with cross-functional teams to maintain service quality.
Communication & Collaboration:
Clear and proactive communication; capable of clarifying requirements and working closely with internal stakeholders.
Language:
Fluently in Vietnamese. Able to read technical English documentation; English writing skills are an advantage.
Benefits:
1-year contract signed with Talentnet
Salary gross: 10,000,000 - 15 000 000 VND
Monthly allowance: 520,000 VND
13th-month salary
Full SHUI
PVI Health Insurance
12 annual leave days","1-year contract signed with Talentnet
Salary gross: 10,000,000 - 15 000 000 VND
Monthly allowance: 520,000 VND
13th-month salary
Full SHUI
PVI Health Insurance
12 annual leave days",linkedin
Information Technology Support Specialist,Sharp Brains,,Ho Chi Minh City Metropolitan Area,,,,,"['Scala', 'ServiceNow', 'ITIL', 'Active Directory', 'VPN', 'Security']",Full-time,Associate,2026-06-14,,"Position: IT Support Technician L1 (On-site)
Role Type: FTE
Working Days: 5 Days on site
Contract duration: 1 year (extendable)
Contract Type: Freelance / B2B contract
Experience Required: More than 3 years IT Support.
Site Address: Ho Chi Minh City Metropolitan Area, Vietnam
Role – Onsite Deskside Support (L1/L2) Key Responsibilities:
Key Responsibilities:
1. Provided end-to-end technical support for desktop and laptop systems, including troubleshooting hardware, software, and connectivity issues.
2. Handled IMAC activities (Install, Move, Add, Change) and break/fix tasks for end-user devices.
3. Managed the full lifecycle of desktop devices, including configuration, patching, OS imaging, and vendor-based hardware replacements.
4. Delivered support using tools such as SCCM, Intune, and ServiceNow for asset tracking, ticket resolution, and remote assistance.
5. Administered approved software installations, updates, and security patching in coordination with IT policies.
6. Provided remote and deskside support using EUC tools and supported applications such as MS Office, Outlook, and VPN clients.
7. Ensured compliance with security protocols, antivirus monitoring, and desktop policy enforcement.
8. Offered VIP support and acted as the primary onsite contact during critical escalations or outages.
9. Supported printers, scanners, and peripheral devices, including troubleshooting and routine maintenance.
10. Assisted with Active Directory tasks, basic user account management, and smart hands support. 11. Maintained documentation of incident resolution, hardware inventory, and technical guides for internal reference.
12. Demonstrated familiarity with Windows OS environments, mobile device support, and basic MAC device handling.
13. Followed ITIL practices for incident, problem, and service request management in corporate environments.",,linkedin
IT Helpdesk and support,XP Power,,"Binh Duong, Vietnam",,,,3.0,"['Linux', 'Active Directory', 'Networking', 'Security']",Full-time,Mid-Senior level,2026-05-31,,"Job Description
Position Summary:
The
IT Helpdesk
specialist joins the IT Support team to maintain computer networks, software, and hardware across the organization. This role is critical in providing timely technical support and helpdesk services, with a primary focus on supporting
production lines
to ensure operational continuity
The IT Helpdesk
will monitor and maintain factory computer systems, telephone systems, IP CCTV system and infrastructure, while resolving technical issues ticketed through the company IT Ticket system.
Qualifications
Education & Experience
Degree:
Technical college degree majoring in Electronics or Computer Technical.
Experience:
Approximately 3 years of experience in similar positions, with at least 2 years specifically in an IT support role.
Industry Focus:
At least 2 years of experience in system, network, and infrastructure support within the Production industry (Joint Venture or Foreign Owned Company preferred).
Additional information
Technical Skills
Endpoint & OS Management:
Advanced proficiency in Windows 10/11 and Linux environments; hands-on experience managing Windows Active Directory (users, groups, and GPOs).
Cloud & Productivity:
Expert-level support for
Microsoft 365
(formerly Office 365) and legacy Office 2016 suites.
Networking:
Experience configuring and maintaining
Cisco Meraki
(wired/wireless), managing
DNS
, and troubleshooting general network infrastructure.
Infrastructure Support:
Ability to install, troubleshoot, and maintain diverse hardware including
IP CCTV
,
IP Phone systems
, and Production Machine systems.
Security:
Solid understanding of endpoint protection, including deployment and monitoring of Antivirus/Anti-malware solutions.
Soft Skills & Professional Qualities
Collaborative Problem-Solver:
A strong team player who can contribute effectively within the
System Integration and Development
team while maintaining the autonomy to work independently.
Accountability:
High sense of integrity and a meticulous
attention to detail
when documenting issues and performing system maintenance.
Communication:
Strong interpersonal skills with the ability to translate technical jargon into simple terms for non-technical users.
Culture Fit:
Dedicated professional whose work ethics align with our
Company Core Values
.
CCNA, MCSA is prefferred.",,linkedin
IT Helpdesk,Golden Gate Restaurant Group,,"Hanoi, Hanoi, Vietnam",,,,,['Linux'],Full-time,Not Applicable,2026-04-22,,"MÔ TẢ CÔNG VIỆC
Quản lý hệ thống, xử lý lỗi, hỗ trợ người dùng, tư vấn nâng cấp hệ thống hoặc thiết bị thay thế;
Cài đặt, sửa chữa phần mềm, hệ điều hành;
Xử lý các sự cố thông thường về hệ thống mạng, điện thoại, wifi, điện, camera, Pos, Fax,...;
Giám sát hệ thống và cá thiết bị mạng trong văn phòng;
Nghiên cứu và triển khai các tools, ứng dụng phục vụ công việc
YÊU CẦU
Tốt nghiệp các trường, trung tâm đào tạo về chuyên ngành IT phầ ucwnsg mạng;
Nắm vững về hệ thống phần cứng máy vi tính, máy in, máy pos, fax camera có kinh nghiệm xử lý các trục trặc về phần cứng;
Cài đặt cấu hình và sử dụng thành thạo hệ thống phần mềm: hệ điều hành thông thường, hệ điều hành server, phần mềm tiện ích, ứng dụng văn phòng;
Nắm vững các khái niệm về hệ thống mạng máy tính, có kinh nghiệm về việc lắp đặt, vận hành, giám sát và quản trị hoạt động của mạng LAN và các két nối internet (LAN, ADSL, cáp quang,...);
Nắm vững về hệ điều hành Window và Linux;
Có khả năng tự tìm tòi học hỏi, yêu thích và đam mê ứng dụng các công nghệ mới;
Có tinh thần làm việc nhóm, có trách nhiệm trong công việc;
Ưu tiên ứng viên có các chứng chỉ liên quan.
QUYỀN LỢI
Đãi Ngộ
Lương cạnh tranh + thưởng hiệu suất + tháng lương 13,...
Được tham gia các khóa huấn luyện, đào tạo nâng cao kỹ năng, nghiệp vụ của Golden Gate.
Cơ hội thử thách và phát triển:
Cơ hội được làm việc trong môi trường làm việc chuyên nghiệp, là tập đoàn F&B hàng đầu Việt Nam.
Được ủng hộ, trao quyền cho những ý kiến sáng tạo và đột phá.
Văn hoá môi trường làm việc:
Làm việc Thứ 2 - Thứ 6 (8h30 - 17h30)
Môi trường làm việc trẻ, năng động, sáng tạo, công bằng, kỷ luật.
Có lộ trình thăng tiến rõ ràng.",,linkedin
Lead of IT/ IT Manager/ IT Supervisor,BizLink Group,,"Bac Ninh, Vietnam",,,,,"['Excel', 'Security']",Full-time,Mid-Senior level,2026-06-17,,"Job Summary:
The IT Manager is responsible for the strategic planning and leadership of IT infrastructure, ensuring high availability and the seamless daily operation of all local IT services. This role requires close, continuous collaboration with Corporate IT to ensure that all infrastructure initiatives align with corporate goals and the broader organizational mission. The incumbent oversees the implementation of all technical solutions in strict adherence to global IT standards, guaranteeing that local operations remain resilient, secure, and fully compliant with global technical designs.
Responsibilities:
Serve as the primary liaison between the local site and Corporate IT; foster continuous collaboration to ensure local operational requirements are addressed while maintaining strict adherence to global IT governance and policies
Lead and oversee the end-to-end implementation of IT physical infrastructure for the new facility, ensuring all tasks are deployed on time and meet organizational standards.
Drive the strategic planning and deployment of local IT infrastructure, ensuring all roadmaps are fully synchronized with Corporate IT objectives and the facility’s business growth.
Ensure the high availability and seamless daily operation of all local IT services. Guarantee that all IT services consistently meet established Service Level Agreements (SLAs).
Manage day-to-day IT operations in accordance with corporate SOPs and technology standards. Provide effective leadership and guidance to the local IT staff.
Oversee the timely resolution of technical issues and ensure all solutions are comprehensively documented for future reference and knowledge sharing.
Qualifications:
Bachelor’s Degree in Computer Science, Information Technology, or a related technical discipline.
Minimum of 10+ years of progressive experience in IT operations, with a strong background in manufacturing environments and deep familiarity with local IT regulations and standards.
Experienced in Project Management with problem-solving and strong analytical skills
Possessing IT System and Network knowledge is a Must
Excellent interpersonal and communication skills, with the ability to collaborate effectively across different levels of the organization.
English is required.
Skills:
Process & Compliance Management
Project & Vendor Management
Security & Data Protection
Leadership & Collaboration",,linkedin
Chief Technology Officer (CTO) - AI & Platform Transformation,CNK Consulting Vietnam,,"Hanoi, Hanoi, Vietnam",,,,5.0,"['Scala', 'AI', 'Excel', 'Security']",Full-time,Director,2026-06-07,,"About The Company
Our client is a leading technology company in Vietnam undergoing a significant transformation from a traditional software provider into an AI-first technology organization. With a vision to deliver AI-as-a-Service and Agent-as-a-Service solutions, the company serves hundreds of thousands of enterprises, government agencies, and business households while continuously expanding its technology ecosystem.
To support this ambitious growth strategy, we are seeking an experienced Chief Technology Officer (CTO) to drive technology innovation, accelerate AI adoption, and build scalable platforms that will shape the company's future.
Key Responsibilities
Technology Leadership & Strategy
Define and execute the company's long-term technology vision, roadmap, and architecture strategy in alignment with business objectives.
Provide strategic leadership across technology, engineering, infrastructure, and data functions.
Ensure the organization maintains its position as a technology leader within Vietnam and strengthens its competitiveness across the region.
Evaluate and leverage emerging technologies to create sustainable business advantages and improve customer outcomes.
AI Strategy & Innovation
Lead the strategic direction, development, and implementation of AI initiatives across the organization.
Drive the adoption of advanced AI technologies, including Agentic AI and intelligent automation solutions.
Ensure AI products and solutions deliver measurable business value and meaningful customer impact.
Foster a culture of innovation and continuous technological advancement.
Data Governance & Data Platform
Establish and oversee a comprehensive data strategy covering data collection, management, governance, security, and utilization.
Build scalable data platforms that support AI development and business decision-making.
Ensure data assets are effectively managed and leveraged as a strategic business capability.
Promote data-driven decision-making across the organization.
System Architecture & Platform Scalability
Design and govern modern, scalable, and high-performance technology architectures.
Lead architecture modernization initiatives to support future growth and evolving business needs.
Ensure reliability, security, scalability, and operational excellence across all technology platforms.
Drive engineering best practices and technology standardization across the organization.
Engineering Leadership & Talent Development
Build, develop, and inspire a high-performing engineering organization.
Establish competency frameworks, development methodologies, and talent development programs.
Foster a culture of continuous learning, collaboration, innovation, and accountability.
Strengthen leadership capabilities across engineering teams to support long-term organizational growth.
Candidate Requirements
Required Qualifications
Strong strategic thinking, analytical capability, creativity, and decision-making skills.
Minimum 5 years of experience as a CTO or equivalent senior technology leadership role within large-scale technology organizations.
Proven experience leading engineering organizations comprising 500+ software engineers.
Demonstrated success in operating and scaling platforms serving millions of users and hundreds of thousands of business customers.
Deep understanding of Artificial Intelligence and practical experience developing AI products or integrating AI capabilities into software solutions.
Bachelor's degree in Computer Science, Information Technology, Engineering, or a related discipline.
Excellent English communication skills with experience presenting, speaking, or representing organizations at conferences, industry forums, or executive events.
Preferred Qualifications
Master's degree or PhD in Computer Science, Artificial Intelligence, Information Technology, or related fields.
Experience working within product-driven technology organizations.
Exposure to large-scale platform businesses and digital transformation initiatives.
What We Offer
Competitive Rewards
Attractive executive compensation package aligned with experience and performance.
Performance-based incentives and long-term reward programs.
Opportunity to participate in the company's long-term growth journey.
Professional Growth & Impact
Play a key role in shaping the technology strategy of one of Vietnam's leading technology companies.
Lead large-scale AI transformation initiatives with significant business impact.
Work on complex technology challenges involving AI, data, architecture, and platform scalability.
Influence the development of products and services serving millions of users.
Global Exposure
Collaborate with leading technology experts, partners, and industry leaders in Vietnam and internationally.
Represent the company in strategic discussions, conferences, and industry events.
Location: Hanoi, Vietnam
Contact: Lia Thu Hang - 0915 206 917; Email: hang@cnk-consulting.com.vn We appreciate all applications; however, only shortlisted candidates will be contacted.","Competitive Rewards
Attractive executive compensation package aligned with experience and performance.
Performance-based incentives and long-term reward programs.
Opportunity to participate in the company's long-term growth journey.
Professional Growth & Impact
Play a key role in shaping the technology strategy of one of Vietnam's leading technology companies.
Lead large-scale AI transformation initiatives with significant business impact.
Work on complex technology challenges involving AI, data, architecture, and platform scalability.
Influence the development of products and services serving millions of users.
Global Exposure
Collaborate with leading technology experts, partners, and industry leaders in Vietnam and internationally.
Represent the company in strategic discussions, conferences, and industry events.
Location: Hanoi, Vietnam
Contact: Lia Thu Hang - 0915 206 917; Email: hang@cnk-consulting.com.vn We appreciate all applications; however, only shortlisted candidates will be ...",linkedin
IT Onsite Support Engineer - EUC (Desktop/Network) - Casual/Freelance/On-Call,Preferable - Crafting Careers,,"Ho Chi Minh City, Ho Chi Minh City, Vietnam",,,,,['REST'],Part-time,Entry level,2026-06-16,,"Greetings,
We are Eil Global, a company providing IT services in Asia Pacific and EMEA across various technologies such as desktops, Servers, networks and data centre technologies. We are headquartered in Adelaide, Australia and have clients and offices across Asia Pacific & EMEA regions
Site Locations: Ho Chi Minh
Mode: Dispatch - On call ticket based/Freelance/Part time/Casual Basis
SLA: SBD and NBD support
Skills & Requirements:
Exp in handling desktop/network issues/Audio Video - Conference room Set Up
Capable of installing and upgrading Operating Systems
Install patches
Software and Hardware Break Fix
Well versed IT engineer
Basics of Wi-Fi
Basics of networks, LAN, WAN, Switch and Router Configuration
Install and administer MS Office
Should Speak Business English with local language
If interested and available to support pls share your CV/Resume to visalakshi.s@eilglobal.com with subject line ""IT Support-Vietnam"" or any references is highly appreciated.",,linkedin
IT COMTOR,GMO-Z.com RUNSYSTEM JSC.,,"Đà Nang, Da Nang City, Vietnam",,,,,"['.NET', 'AI']",Full-time,Not Applicable,2026-06-18,,"Level: Middle
Khối: Offshore
Hạn ứng tuyển: 31/07/2026
Trạng thái: Active
Số lượng tuyển: 2
Thu nhập: Up to 30.000.000 VNĐ/tháng
Địa điểm: Đà Nẵng
Ứng tuyển ngay
Nội dung công việc
Truyền tải nội dung cho dev team, QA và quản lý tiến độ, chất lượng dự án.
Là cầu nối giữa khách hàng Nhật Bản và đội dự án offshore tại Việt Nam.
Làm việc trực tiếp với khách hàng Nhật: giao tiếp, thương lượng, tiếp nhận và phân tích yêu cầu dự án phần mềm, sau đó truyền đạt cho đội dự án tại Việt Nam.
Lập kế hoạch, theo dõi tiến độ.
Kiểm soát tiến độ thực hiện dự án, phối hợp với khách hàng và giám đốc dự án trong việc quản lý dự án.
Yêu cầu công việc
Yêu cầu công việc
Có kiến thức cơ bản về lập trình.
Tiếng Nhật từ N2 trở lên.
Đọc hiểu spec, tài liệu kỹ thuật, viết được meeting minutes/ Q&A sheet/ spec confirmation chuẩn ngữ cảnh dự án - không chỉ dịch từng câu.
AI-first mindset - Thành thạo các AI tools trong workflow hàng ngày: ChatGPT/ Claude (soạn thảo, review). Ưu tiên ứng viên có kinh nghiệm Claude code/ Cursor/ GitHub Copilot. Dùng AI để tăng tốc nhưng tự review output - không gửi raw AI cho khách hàng.
Kinh nghiệm
Có kinh nghiệm làm Comtor từ 2 năm trở lên.
Từng tham gia dự án phần mềm thực tế, hiểu luồng SDLC cơ bản, đọc được spec/wireframe/ERD. Có khả năng phát hiện gap, miscommunication giữa 2 phía dev và khách hàng.
Yêu cầu khác
Nhiệt tình, hòa đồng, có khả năng làm việc nhóm tốt.
Khả năng đọc hiểu yêu cầu tốt, giao tiếp hiệu quả.
Cầu thị trong công việc, có tinh thần trách nhiệm cao.
Năng động, sáng tạo, chủ động cập nhật và thử nghiệm công nghệ AI mới.
Chế độ đãi ngộ
Lương: Up to 30.000.000 VNĐ/ tháng
Xét tăng lương 1 lần/ năm, có thể được xét tăng sớm tùy thuộc vào năng lực và hiệu quả
công việc.
Thưởng tháng lương thứ 13, thưởng dự án và các loại thưởng khác (thưởng thành tích,
thưởng cá nhân xuất sắc, thưởng đạt chứng chỉ Tiếng Nhật…).
Được làm việc trực tiếp với các khách hàng Nhật Bản. Cơ hội Onsite tại Nhật Bản.
Được hưởng các phúc lợi khác như: Team-building hàng tháng, nghỉ mát hàng năm, khám
sức khỏe định kỳ...
Tất cả chế độ theo quy định của Pháp luật Lao động Việt Nam (BHXH, BHYT, BHTN, ...).
Nghỉ phép năm và các ngày nghỉ lễ Tết khác theo quy định của nhà nước Việt Nam.
Làm việc từ thứ 2 đến thứ 6.
Môi trường làm việc trẻ trung, năng động.
Liên hệ
Chính sách bảo mật dữ liệu cá nhân:
Đối với dữ liệu cá nhân của bạn được chia sẻ với GMO-Z.com RUNSYSTEM trong quá trình ứng tuyển và toàn bộ quy trình tuyển dụng của GMO-Z.com RUNSYSTEM, bằng cách nhấp vào “Ứng tuyển”, gửi sơ yếu lý lịch/CV tới các email đuôi runsystem.net và/hoặc tham gia vào quy trình tuyển dụng của GMO-Z.com RUNSYSTEM, bạn đồng ý rằng bạn đã hiểu rõ về Chính sách Bảo vệ Dữ liệu Cá nhân của chúng tôi (“Chính sách”) được đăng tải
TẠI ĐÂY
và cho phép GMO-Z.com RUNSYSTEM xử lý dữ liệu cá nhân của bạn theo Chính sách và các quy định hiện hành về bảo vệ dữ liệu cá nhân.
Thông Tin Nộp Hồ Sơ
Mail: dunglp@runsystem.net/vyptv@runsystem.net
Zalo: Ms.Dung 0335535612 - Ms.Vy 0961311319
Địa Điểm
Số 1 Ngô Huy Diễn, phường Hòa Xuân, thành phố Đà Nẵng
Ứng tuyển ngay
Thông tin ứng tuyển
Bạn có sẵn CV rồi chứ? Đừng ngại gửi về cho GMO nhé
*
Kéo thả file hoặc tải lên
Cho phép tệp doc, docx, xls, xlsx, ppt, pptx, pdf và lên đến 3mb.
Tên tập tin không chứa các kí tự đặc biệt như '/', [, *, , ;, '
Bạn biết đến vị trí này từ đâu?
*
- Lựa chọn - Nhân sự công ty giới thiệu Facebook Forum Linkedin Fanpage công ty Các jobsite tuyển dụng (TopCV, VNW..) Recuiter Khác
Liên kết của portfolio và hồ sơ mạng xã hội
Nhân sự tuyển dụng đang hỗ trợ
*
- Lựa chọn - Lương Thị Huệ Trần Thị Thanh Huyền Nguyễn Thị Phương Thuỷ Trần Thị Tuyết Anh Lại Phương Anh Recruiter khác
Bằng việc nộp hồ sơ ứng tuyển vào các vị trí tuyển dụng của GMO-Z.com RUNSYSTEM, bạn đồng ý cho phép GMO-Z.com RUNSYSTEM sử dụng thông tin cá nhân, xử lý dữ liệu cá nhân của bạn và chấp nhận toàn bộ các quy định được đề cập tại
*
Chính sách bảo vệ dữ liệu cá nhân",,linkedin
Quản trị Hệ thống thông tin (System Admin),Work & Wonders - Kiến Tạo & Kiệt Tác,,"Hanoi, Hanoi, Vietnam",,,,,['Windows Server'],Full-time,Not Applicable,2026-03-23,,"Mô tả công việc
Số lượng 02 người
Giới tính Nam
Độ tuổi 20 – 30
Trình độ
Tốt nghiệp đại học hoặc chương trình quản trị hệ thống ACNA của Aptech
Mô tả công việc - Quản trị hệ thống mạng và tài nguyên chung của Trung tâm và Công ty.
Quản lý hệ thống server chung của Trung tâm.
Cài đặt phần mềm học tập
Kinh nghiệm chuyên môn - Có kinh nghiệm lắp ráp phần cứng máy tính và trong lĩnh vực Quản trị hệ thống Windows.
Có kinh nghiệm quản trị mạng bằng hệ điều hành MS Windows Server 2003, ISA Server 2004/2006, Exchange Server 2003/2007.
Các yêu cầu khác
Tiếng Anh: có khả năng đọc hiểu tài liệu kỹ thuật
Kỹ năng giao tiếp tốt, cởi mở, trung thực, nhiệt tình
Chịu được áp lực công việc cao
Có khả năng độc lập cao trong công việc và làm việc theo nhóm
Quyền lợi
Nhiều cơ hội học hỏi và thăng tiến.
Làm việc trong môi trường chuyên nghiệp, hiện đại, trẻ và năng động
Thưởng theo hiệu quả làm việc
Các chế độ BHXH, BHYT theo quy định của Nhà nước
Hồ sơ
Sơ yếu lý lịch / CV
Bản sao các bằng cấp liên quan
Hạn nộp hồ sơ 20/07/2019
Địa điểm làm việc 285 Đội Cấn, Ba Đình, Hà Nội
Thời gian làm việc 8h / ngày, 5.5 ngày/ tuần
Thu nhập Thỏa thuận
Địa điểm nhận hồ sơ:
Ms. Vân - Hệ thống Đào tạo Lập trình viên Quốc tế Aptech
Tầng 4, số 285 Đội Cấn, Ba Đình, Hà Nội
Tel: (024) 37 623 654
Email: [email protected]
Đại học",,linkedin
CHUYÊN GIA CÔNG NGHỆ THÔNG TIN (IT),Viện Tài Chính Vi Mô Và Phát Triển Cộng Đồng (macdi),,"Hanoi, Hanoi, Vietnam",,,,,['Excel'],Full-time,Not Applicable,2026-03-23,,"Mô tả công việc
Các công việc được chi tiết như sau :
2.2.1. Trưởng nhóm
Lên ý tưởng và bảo vệ ý tưởng cho diễn đàn
Cụ thể hóa thành các Module
Lựa chọn công nghệ
Hỗ trợ kỹ thuật cho code
Chịu trách nhiệm chính về DEMO, trình diễn sản phẩm.
2.2.2. Tư vấn Thiết kế
Thiết kế diễn dàn, ảnh cho bài viết trong diễn đàn.
2.2.3. Tư vấn Code
Lập trình cho diễn đàn hoạt động
Code giao diện cho diễn đàn
Code CSDL cho diễn đàn
2.2.4. Nhân viên hỗ trợ/test
Test chức năng diễn đàn
Test giao diện diễn đàn
Viết HDSD cho diễn đàn
Hỗ trợ diễn đàn
2.2.5. Số hóa dữ liệu và Vận hành diễn đàn
Số hóa số liệu cho diễn đàn
Chịu trách nhiệm kỹ thuật trong thời gian diễn đàn hoạt động
Phối hợp cùng chuyên gia Đông y của dự án có trách nhiệm cập nhật thông tin thường xuyên cho diễn đàn.
Phối hợp với các bộ phận liên quan để cung cấp thông tin, báo cáo cho Ban quản lý dự án về tình hình diễn đàn hàng tháng, quý, năm và có tương tác trong diễn đàn.
Yêu cầu kỹ thuật
3.1. Nhóm Chuyên Gia Thực Hiện Các Công Việc Chính Bao Gồm
(i). Số hóa dữ liệu thu thập được để tạo ra cơ sở dữ liệu về các vùng trồng thuốc nam và bài thuốc đông y.
(ii). Thiết kế, phát triển, và triển khai đưa diễn đàn vào sử dụng; Giao diện sẽ được thiết kế song ngữ, tiếng Anh và tiếng Việt, thân thiện với người sử dụng và thuận tiện cho việc tìm kiếm thông tin; chia sẻ; và thảo luận.
(iii). Duy trì diễn đàn trực tuyến về các vùng trồng cây thuốc Nam và các bài thuốc đông y.
3.3. Tính năng kỹ thuật như sau:
Phần mềm web-base.
Có thể cấp tài khoản cho nhiều người dùng cùng truy cập để thực hiện đồng bộ (Cấp và quản lý tài khoản theo nhóm người dùng, người dùng)
Từ điển các vùng trồng thuốc nam trên mỗi tỉnh thuộc dự án (Do PMU cung cấp và chịu trách nhiệm).
Từ điển danh mục các bài thuốc đông y (Do PMU cung cấp và chịu trách nhiệm) được phân loại theo từng loại bệnh.
Từ điển danh mục các lương y/ ông lang bà mế (Do PMU cung cấp và chịu trách nhiệm).
Cho phép quản trị viên bổ sung, chỉnh sửa các danh mục (cây thuốc, bài thuốc, các lương y).
Có phép người dùng có thể trao đổi, tương tác trên diễn đàn (trao đổi trực tiếp , like, dislike…..
Cho phép báo cáo tình hình, kết quả nhập số liệu chỉ số theo từng chỉ số, chỉ tiêu chi tiết của chỉ số. (Báo cáo tổng hợp theo yêu cầu)
Cho phép xem, kết xuất dữ liệu ra Excel.
Đại học",,linkedin
AI Systems Administrator,Mass Markets,,"Cà Mau, Vietnam",,,,2.0,"['Python', 'Scala', 'Express', 'Docker', 'Kubernetes', 'AWS', 'Azure', 'GCP', 'Terraform', 'Ansible', 'Jenkins', 'CI/CD', 'DevOps', 'Linux', 'Unix', 'Machine Learning', 'AI', 'TensorFlow', 'PyTorch', 'Excel', 'Networking', 'Security']",Full-time,Not Applicable,2026-06-14,,"Position Overview
MCI is one of the fastest-growing tech-enabled business services companies in the USA, with a strong call center footprint and operations that extend across multiple countries. We deliver Customer Experience (CX), Business Process Outsourcing (BPO), and Anything-as-a-Service (XaaS) cloud technology solutions across a wide range of industries, including healthcare, retail, government, education, telecom, technology e-commerce, and financial services. Our contact centers are powered by both on-site and remote agents, leveraging advanced technologies to enhance customer journeys, drive scalability and reduce costs.
At MCI we are committed to fostering an environment where professionals can build meaningful careers, access continuous learning and development opportunities and contribute to the success of a globally expanding, industry-leading organization.
We are seeking a technically skilled, proactive, and detail-oriented
AI Systems Administrator
to support, maintain, and optimize the infrastructure powering our artificial intelligence and machine learning environments. This role ensures the reliability, scalability, and security of AI systems, models, and related data pipelines bridging the gap between technical operations and advanced AI innovation.
To be considered for this role, you must complete a full application on our company careers page, including all screening questions and a brief pre-employment test.
Key Responsibilities
POSITION RESPONSIBILITIES
System Management
Oversee, configure, monitor AI and ML systems, servers, and cloud environments to ensure optimal performance and uptime.
Manage GPU/CPU clusters and ensure efficient resource allocation for training and inference workloads.
Infrastructure Optimization
Implement and maintain scalable infrastructure to support large language models (LLMs), data processing pipelines, and model deployment.
Optimize system performance through tuning, automation, and proactive maintenance.
Security & Compliance
Apply best practices for securing AI systems, ensuring data integrity, confidentiality and compliance with company and industry standards.
Manage user access, permissions, and security configurations across AI platforms.
Deployment & Integration
Support the deployment and integration of AI models and APIs into production environments.
Collaborate with developers, data scientists, and prompt engineers to ensure seamless system functionality and workflow automation.
Monitoring & Troubleshooting
Monitor system health, usage, and performance metrics; diagnose and resolve infrastructure or software issues.
Maintain logs, conduct root cause analysis, and implement corrective actions to prevent recurrence.
Automation & Scripting
Develop scripts and tools to automate system tasks, data transfers, and performance checks.
Support CI/CD pipelines for AI model updates and system maintenance.
Documentation & Support
Create and maintain detailed documentation of system configurations, procedures, and troubleshooting guides.
Provide technical support to AI teams, ensuring smooth operation of all AI systems and tools.
Research & Continuous Improvement
Stay up to date with advancements in AI infrastructure, cloud technologies, and MLOps practices.
Recommend and implement improvements to enhance system reliability and scalability.
Candidate Qualifications
WONDER IF YOU ARE A GOOD FIT FOR THIS POSITION?
All Positive, And Driven Applicants Are Encouraged To Apply. The Ideal Candidates For This Position Are Highly Motivated And Dedicated And Should Possess The Below Qualities
Bachelor’s degree in Computer Science, Information Technology, Data Engineering, or a related field.
2+ years of experience in systems administration, DevOps, or infrastructure management (AI/ML environment experience preferred).
Strong understanding of cloud platforms (AWS, Azure, GCP) and containerization technologies (Docker, Kubernetes).
Experience with Linux/Unix administration, Python/Bash scripting, and automation tools (Terraform, Ansible, Jenkins).
Familiarity with machine learning frameworks (TensorFlow, PyTorch) and AI model deployment pipelines.
Understanding of networking, security, and storage in distributed computing environments.
Experience with GPU-based computing and performance optimization for AI workloads.
Excellent problem-solving, troubleshooting, and documentation skills.
Strong collaboration and communication abilities to work with cross-functional AI and engineering teams.
Physical Requirements
This job operates in a professional office environment. While performing the duties of this job, the employee will be largely sedentary and will be required to sit/stand for long periods while using a computer and telephone headset. The employee will be regularly required to operate a computer and other office equipment, including a phone, copier, and printer. The employee may occasionally be required to move about the office to accomplish tasks; reach in any direction; raise or lower objects, move objects from place to place, hold onto objects, and move or exert force up to forty (40) pounds.
CONDITIONS OF EMPLOYMENT
All MCI Locations
Must be authorized to work in the country where the job is based.
Subject to the program and location of the position
Must be willing to submit up to a LEVEL II background and/or security investigation with a fingerprint. Job offers are contingent on background/security investigation results.
Must be willing to submit to drug screening. Job offers are contingent on drug screening results. (Does not apply in Canada)
REASONABLE ACCOMMODATION
Consistent with the Americans with Disabilities Act (ADA), it is the policy of MCI and its affiliates to provide reasonable accommodations when requested by a qualified applicant or employee with a disability unless such accommodations would cause undue hardship. The policy regarding requests for reasonable accommodation applies to all aspects of employment. If reasonable accommodations are needed, please contact Human Resources.
EQUAL OPPORTUNITY EMPLOYER
At MCI and its subsidiaries, we embrace differences and believe diversity is a benefit to our employees, our company, our customers, and our community. All aspects of employment at MCI are based solely on a person's merit and qualifications. MCI maintains a work environment free from discrimination, one where employees are treated with dignity and respect. All employees share in the responsibility for fulfilling MCI's commitment to a diverse and equal opportunity work environment.
MCI does not discriminate against any employee or applicant on the basis of age, ancestry, color, family or medical care leave, gender identity or expression, genetic information, marital status, medical condition, national origin, physical or mental disability, political affiliation, protected veteran status, race, religion, sex (including pregnancy), sexual orientation, or any other characteristic protected by applicable laws, regulations, and ordinances. MCI will consider for employment qualified applicants with criminal histories in a manner consistent with local and federal requirements.
MCI will not tolerate discrimination or harassment based on any of these characteristics. We adhere to these principles in all aspects of employment, including recruitment, hiring, training, compensation, promotion, benefits , social and recreational programs, and discipline . In addition, it is the policy of MCI to provide reasonable accommodation to qualified employees who have protected disabilities to the extent required by applicable laws, regulations, and ordinances where an employee works.
About Mci (parent Company)
MCI helps customers take on their CX and DX challenges differently, creating industry-leading solutions that deliver exceptional experiences and drive optimal performance. MCI assists companies with business process outsourcing, staff augmentation, contact center customer services, and IT Services needs by providing general and specialized hosting, software, staff, and services.
In 2019, Marlowe Companies Inc. (MCI) was named by Inc. Magazine as Iowa’s Fastest Growing Company in the State of Iowa and was named the 452nd Fastest Growing Privately Company in the USA, making the coveted top 500 for the first time. MCI’s subsidiaries had previously made Inc. Magazine's List of Fastest-Growing Companies 15 times, respectively. MCI has ten business process outsourcing service delivery facilities in Georgia, Florida, Texas, New Mexico, California, Kansas, Nova Scotia, South Africa, and the Philippines.
Driving modernization through digitalization, MCI ensures clients do more for less. MCI is the holding company for a diverse lineup of tech-enabled business services operating companies. MCI organically grows, acquires, and operates companies that have synergistic products and services portfolios, including but not limited to Automated Contact Center Solutions (ACCS), customer contact management, IT Services (IT Schedule 70), and Temporary and Administrative Professional Staffing (TAPS Schedule 736), Business Process Management (BPM), Business Process Outsourcing (BPO), Claims Processing, Collections, Customer Experience Provider (CXP), Customer Service, Digital Experience Provider (DXP), Account Receivables Management (ARM), Application Software Development, Managed Services, and Technology Services, to mid-market, Federal & enterprise partners. MCI now employs 10,000+ talented individuals with 150+ diverse North American client partners across the following MCI brands: MCI BPO, MCI BPOaaS, MarketForce, GravisApps, Gravis Marketing, MarchEast, Mass Markets, MCI Federal Services (MFS), OnBrand24, The Sydney Call Center, Valor Intelligent Processing (VIP), BYC Aqua, EastWest BPO, TeleTechnology, and Vinculum.
The purpose of the above job description is to provide potential candidates with a general overview of the role. It's not an all-inclusive list of the duties, responsibilities, skills, and qualifications required for the job. You may be asked by your supervisors or managers to perform other duties. You will be evaluated in part based upon your performance of the tasks listed in this job description.
The employer has the right to revise this job description at any time. This job description is not a contract for employment, and either you or the employer may terminate employment at any time, for any reason.",,linkedin
Nhân viên IT,Công Ty Cổ Phần Phát Triển Công Nghệ Eposi,,"Hanoi, Hanoi, Vietnam",,,,,[],Full-time,Not Applicable,2026-04-22,,"Mô tả công việc
Kích hoạt thiết bị giám sát hành trình
Hỗ trợ khách hàng,kỹ thuật lắp đặt và sự dụng thiết bị GSHT, sự dụng phần mềm.
Chăm sóc khách hàng
Kiểm tra,theo dõi hoạt động của thiết bị, hệ thống giám sát hành trình
Thời gian làm việc : theo lịch ca phân công từ TBP
Địa điểm làm việc : tầng 3- số 695 Hoàng Hoa Thám - Vĩnh Phúc - Ba Đình –HN
Trung cấp",,linkedin
Công ty CP Tập đoàn Hòa Phát tuyển Nhân viên IT vị trí IT Helpdesk,Hoa Phat Group,,"Hanoi, Hanoi, Vietnam",,,,,[],Full-time,Not Applicable,2026-01-22,,"Số lượng: 01 người
Tính chất công việc: Làm việc theo giờ hành chính, 8h/ngày
Hình thức làm việc: Nhân viên chính thức
Mô tả công việc
Hỗ trợ người dùng xác định, chẩn đoán và giải quyết các vấn đề liên quan về CNTT: phần mềm, phần cứng, mạng, máy fax, máy Photo, wifi….
Cài đặt, sửa chữa phần mềm (xây dựng, đồ họa, Office, Email, Windows…), máy in, máy fax, máy Photo...
Thực hiện lắp đặt, đi dây và đấu nối các thiết bị mạng, điện thoại, kiểm tra sửa chữa tín hiệu truyền dẫn.
Phối hợp với bộ phận hành chính thực hiện kiểm kê, quản lý danh mục thiết bị tài sản nằm trong của bộ phận IT.
Hỗ trợ mở rộng văn phòng chi nhánh
Xây dựng kho tri thức về IT Support.
Tiếp nhận và thực hiện các công việc khác theo yêu cầu của người quản lý trực tiếp
Yêu cầu:
Nắm vững về hệ thống phần cứng, phần mềm ứng dụng văn phòng
Có kinh nghiệm xử lý các sự cố về phần cứng máy tính, máy in, máy Fax, máy Photo.
Có khả năng tự nghiên cứu, học hỏi, yêu thích và đam mê ứng dụng các công nghệ mới.
Đọc hiểu tài liệu tiếng anh
Có tinh thần làm việc nhóm, có trách nhiệm trong công việc
Có kỹ năng lập kế hoạch và quản lý công việc
Tốt nghiệp Đại học,các chuyên ngành có liên quan.
Kinh nghiệm: Có kinh nghiệm ít nhất 01 năm
Quyền lợi:
Thu nhập: Theo thỏa thuận
Hưởng các chế độ theo luật lao động Việt Nam và theo quy chế Lao động – Tiền lương của Tập đoàn Hòa Phát
Làm việc trong môi trường làm việc thân thiện, có nhiều cơ hội học hỏi và phát triển kĩ năng chuyên môn
Yêu cầu hồ sơ:
Đơn xin việc làm.
Sơ yếu lý lịch (phải có ảnh đính kèm)
Bản sao hộ khẩu, CMND và các bằng cấp có liên quan.
Giấy khám sức khỏe.
Bản sao giấy khai sinh
Bằng cử nhân
Địa điểm nộp hồ sơ:
Tầng 1, số 66 Nguyễn Du, phường Nguyễn Du, quận Hai Bà Trưng, TP. Hà Nội
ĐT: 024 6282012 Ext: 6681 ( gặp Ms. Thu Liên )
Hoặc nộp qua email: hathulien@hoaphat.com.vn",,linkedin
[HN] IT SUPPORT/IT HELPDESK,CMC Technology & Solution (CMC TS),,"Quận Cầu Giấy, Hanoi, Vietnam",,,,,['Adobe'],Full-time,Not Applicable,2026-04-22,,"MÔ TẢ CÔNG VIỆC
Xử lý sự cố, chẩn đoán, giải quyết các vấn đề liên quan đến người dùng (End-user).
Cài đặt máy tính cấp cho nhân viên mới (Hệ điều hành, email, máy in, scan, software…).
Khắc phục các lỗi ứng dụng liên quan người dùng cuối (MS Office, AutoCAD, Adobe,…).
Khắc phục các lỗi liên quan đến phần cứng PC, laptop, máy in, photocopy, scan.
Xử lý sự cố liên quan mạng (Internet, LAN, Printer, Camera).
Xử lý lỗi liên quan máy chấm công (timekeeper), thiết bị mạng, UPS.
Chuẩn bị máy tính, thiết bị cho phòng họp, hội nghị.
Sử dụng hệ thống quản lý ticket.
Backup dữ liệu người dùng.
Theo dõi tình trạng mực in, linh kiện hư hỏng, báo cáo mua mới thay thế.
Cập nhật tài liệu IT (khi được yêu cầu).
Cập nhật tài liệu hướng dẫn người dùng (khi được yêu cầu).
Báo cáo định kỳ và đề xuất phương án tối ưu.
Tham gia các khóa đạo tạo nâng cao kỹ năng chuyên môn, nghiệp vụ.
YÊU CẦU ỨNG VIÊN
Học vấn/Bằng cấp: Cao đẳng, Đại học chuyên ngành CNTT, mạng...
Kiến thức: CNTT + hỗ trợ người dùng.
Kinh Nghiệm: 01 - 02 năm (Helpdesk).
Kỹ năng giao tiếp tốt trong đội nhóm, giữa các phòng ban.
QUYỀN LỢI ỨNG VIÊN
THU NHẬP
Thu nhập: 10.000.000 - 12.000.000/tháng
Thưởng 1 tháng lương
Gói phúc lợi tiền mặt 9 triệu/năm vào các dịp Lễ, Tết, Sinh nhật Tập đoàn...
Xét tăng lương theo năng lực và kết quả công việc định kỳ 1 lần/năm. Hoặc tăng lương đột xuất theo hiệu quả công việc.
CHẾ ĐỘ ĐÀO TẠO VÀ PHÁT TRIỂN
Đài thọ 100% chi phí tham gia các khóa học, thi chứng chỉ CNTT Quốc tế.
Chính sách phát triển, thăng tiến theo Career Path phù hợp với từng vị trí, từng phòng ban.
Cơ hội tiếp cận với các công nghệ mới nhất: Cloud, Big data...
Cơ hội làm việc trong Công ty là Top 1 đối tác tư vấn và cung cấp, triển khai giải pháp Chuyển đổi số, Bảo mật, Cloud cho tổ chức và doanh nghiệp tại Việt Nam
BẢO HIỂM VÀ CHÍNH SÁCH ĐÃI NGỘ
Thời gian làm việc: Thứ Hai - Thứ sáu
Nghỉ phép: 12 ngày/ năm + 1 ngày nghỉ hưởng lương vào dịp sinh nhật bản thân CBNV
Bảo hiểm xã hội, Bảo hiểm y tế, Bảo hiểm thất nghiệp theo quy định Nhà nước
Chế độ bảo hiểm nâng cao: CMC Care
Chế độ đãi ngộ thai sản nâng cao dành cho nhân viên nữ
Du lịch hàng năm 1 tuần, teambuilding/dã ngoại định kì 2 lần/năm
Tham gia các Câu lạc bộ của Công ty và các chương trình trải nghiệm nhân viên đa dạng và phòng phú
Được trang bị laptop/thiết bị công nghệ trong quá trình làm việc.
Môi trường làm việc sáng tạo, đổi mới
Nộp đơn ứng tuyển công việc này
Họ & tên bạn *
Địa chỉ email *
Số điện thoại *
Thông tin thêm
CV của bạn *
Click để chọn & tải lên CV của bạn
Mã bảo mật *
Nộp đơn ứng tuyển",,linkedin
Candidature spontanée (H/F),DECASOFT,,Hanoi Capital Region,,,,,[],Full-time,Not Applicable,2025-12-23,,"Vous ne trouvez aucune offre correspondant à votre profil ? Aucun souci : votre expertise nous intéresse peut-être déjà ! Nous recrutons régulièrement de nouveaux talents passionnés par le développement web, l’IT et les environnements techniques variés de nos clients.
Pourquoi nous envoyer votre candidature ?
La candidature spontanée est le meilleur moyen de :
Nous présenter votre parcours et vos compétences.
Nous indiquer le type de missions ou de technologies que vous recherchez.
Être recontacté(e) rapidement dès qu’une opportunité en adéquation apparaît.
A noter que
nous ne recrutons actuellement ni alternant(e)s
,
ni stagiaires
.
Seules les candidatures pour des
postes en CDI ou missions freelances
pourront être étudiées.
Nous avons hâte de découvrir votre profil !
Retour
Postuler",,linkedin
MB_Nhân Viên IT - Helpdesk & System,Biti's,,"Hanoi, Hanoi, Vietnam",,,,,[],Full-time,Not Applicable,2026-05-22,,"Position Responsibilities
I. TRÁCH NHIỆM CÔNG VIỆC CHÍNH
Duy trì đảm bảo hệ thống mạng và hệ thống máy chủ hoạt động liên tục, an toàn bảo mật và lưu trữ dữ liệu đầy đủ để hoạt động thông suốt và an ninh;
Tiếp nhận yêu cầu và xử lý các lỗi liên quan đến máy tính, mạng máy tính, phần mềm, camera, các thiết bị ngoại vi (máy in, photocopy, máy chấm công,..) của khối Văn phòng;
Hỗ trợ xử lý từ xa một số lỗi IT của hệ thống phòng ban, cửa hàng thông qua Teamviewer, Zalo,... hoặc đến xử lý trực tiếp (nếu có);
Lập kế hoạch và thực hiện trang cấp máy móc thiết bị, chuẩn bị và thực hiện các công tác hệ thống camera internet,… cho cửa hàng mới khai trương;
Quản lý máy móc thiết bị CNTT của khối văn phòng: lắp đặt/thu hồi/điều chuyển thiết bị cho nhân viên và kiểm kê tài sản. Lên kế hoạch, đề xuất bảo trì/bảo dưỡng/cải tiến nâng cấp thiết bị;
Thực hiện một số công việc khác theo yêu cầu của cấp trên.
II. YÊU CẦU CÔNG VIỆC
Trình độ
Tốt nghiệp Cao Đẳng trở lên chuyên ngành Công nghệ thông tin
Nam từ 22 đến 30 tuối
Kinh nghiệm
Ưu tiên ứng viên có kinh nghiệm Helpdesk & System
Chưa có kinh nghiệm sẽ được đào tạo
Kỹ năng
Hiểu về máy tính và hệ thống mạng kết nối
Kỹ năng giao tiếp tốt
Kỹ năng phân tích và xử lý vấn đề
Thái độ/Phẩm chất
Có tinh thần trách nhiệm
Nhanh nhẹn, trung thực
Ham học hỏi, cầu tiến
III. QUYỀN LỢI HẤP DẪN
Lương thỏa thuận và nhận đúng hạn;
Thưởng thâm niên, thưởng tháng 13;
Hỗ trợ tiền ăn tại nơi làm việc;
Chỗ ở nội trú cho các nhân sự ở xa
Xem xét tăng lương 1 lần/năm;
BHXH, BHYT, BHTN đầy đủ theo Luật;
Nghỉ phép thường niên, Lễ, Tết theo quy định;
Tham gia teambuilding, các hoạt động nội bộ và các hoạt động cộng đồng do công ty tổ chức;
Được đào tạo bài bản về các kiến thức, kỹ năng cho công việc & kỹ năng đời sống (sức khỏe, dinh dưỡng,...);
Cơ hội thăng tiến công bằng, không giới hạn phòng ban;
Làm việc với các nhân sự dày dặn kinh nghiệm trong ngành giày chỉ có ở thương hiệu Quốc dân “Biti's - Nâng niu bàn chân Việt”;
Có cơ hội tham gia học tập kỹ năng Happy Skill và trải nghiệm văn hóa hạnh phúc để hiểu hơn về chính mình, hiểu & kết nối với người khác, kết nối với thiên nhiên;
Môi trường làm việc được chia sẻ, được lắng nghe và được tôn trọng;
Được nhận Học bổng ""Nâng niu Tài năng Việt"" cho con em có thành tích học tập tốt.
Thời gian làm việc:
7h30 – 16h30, từ thứ 2 đến thứ 7.
Địa điểm làm việc:
Văn Phòng Chi Nhánh Miền Bắc - Lô CN1, cụm công nghiệp Yên Nghĩa, Phường Yên Nghĩa, TP Hà Nội, Việt Nam",,linkedin
AVA & IT Technician,International Schools Partnership Limited,,"Tây Hồ district, Hanoi, Vietnam",,,,,"['Scala', 'Express', 'REST']",Full-time,Not Applicable,2026-05-22,,"Responsibilities
Job Description
IT Support and Daily Operations – main roles
Provide daily IT support for teachers, staff, and students.
Troubleshoot laptops, desktops, printers, scanners, projectors, classroom devices, and meeting room equipment.
Support basic Windows issues, Microsoft 365, Outlook, Teams, login problems, and common software issues.
Assist with basic Wi-Fi, LAN, internet connection, and device connectivity issues.
Support network printers, photocopiers, printer drivers, print queues, scan-to-email, and scan-to-folder setup.
Install, set up, and maintain basic IT equipment and peripheral devices.
Assist with IT inventory checking, asset labelling, device handover, equipment returns, and equipment tracking.
Report damage, missing, or faulty IT equipment.
Escalate complex technical issues to the main IT team, ISP, or vendors when needed.
Support the operation and management of systems such as CCTV, access control, time attendance, centralized printing, and card printing systems.
Deploy learning applications to devices through the Intune system.
Monitor and coordinate with vendors and contractors during equipment, infrastructure, and internet installation, maintenance, and upgrade activities.
Event Support and AV Operations
Support technical setup for school events, assemblies, meetings, performances, parent events, workshops, and other school activities.
Set up and operate basic AV equipment, including microphones, speakers, mixers, projectors, cameras, lighting, PA systems, display screens, and livestreaming equipment.
Test sound, microphone, display, projector, lighting, camera, and livestream setup before events.
Provide on-site technical support during events.
Check, store, and maintain AV equipment after use.
Report damage, missing, or faulty AV equipment.
Coordinate with Operations, Academic, Marketing, and IT teams to prepare event technical requirements.
Communication and Coordination
Work closely with the main IT team and follow technical instructions.
Communicate politely and clearly with teachers, staff, students, and vendors.
Record and report technical issues clearly.
Prioritize urgent classroom, office, and event-related issues.
Support other reasonable IT, AV, and school operation tasks as assigned.
ISP Principles
Begin with our children and students
. Our children and students are at the heart of what we do. Simply, their success is our success. Wellbeing and safety are both essential for learners and learning. Therefore, we are consistent in identifying potential safeguarding
and Health & Safety issues and acting and following up on all concerns appropriately.
Treat everyone with care and respect
. We look after one another, embrace similarities and differences and promote the well-being of self and others.
Operate effectively.
We focus relentlessly on the things that are most important and will make the most difference. We apply school policies and procedures and embody the shared ideas of our community.
Are financially responsible.
We make financial choices carefully based on the needs of the children, students and our schools.
Learn continuously.
Getting better is what drives us. We positively engage with personal and professional development and school improvement.
ISP Commitment to Safeguarding Principles
ISP is committed to safeguarding and promoting the welfare of children and young people and expects all staff and volunteers to share this commitment. All post holders are subject to appropriate vetting procedures, including an online due diligence search, references and satisfactory Criminal Background Checks or equivalent covering the previous 10 years’ employment history.
ISP Commitment to Diversity, Equity, Inclusion, and Belonging
ISP is committed to strengthening our inclusive culture by identifying, hiring, developing, and retaining high-performing teammates regardless of gender, ethnicity, sexual orientation and gender expression, age, disability status, neurodivergence, socio-economic background or other demographic characteristics. Candidates who share our vision and principles and are interested in contributing to the success of ISP through this role are strongly encouraged to apply.",,linkedin
IT Helpdesk,SUNJIN VIỆT NAM,,"Can Tho, Can Tho, Vietnam",,,,,['Windows Server'],Full-time,Not Applicable,2025-09-24,,"Số lượng: 1 người
Kinh nghiệm: 1 - 2 năm
Bằng cấp: Trung cấp trở lên
Cấp bậc: Nhân viên
Nơi làm việc: Đồng Nai
Thu nhập/ tháng: 10 - 15 Triệu
MÔ TẢ CÔNG VIỆC
Vị trí IT Help Desk đóng vai trò quan trọng trong việc hỗ trợ kỹ thuật cho người dùng cuối, bảo đảm hệ thống thông tin của tổ chức hoạt động ổn định và hiệu quả. Cụ thể, người giữ vị trí này sẽ chịu trách nhiệm giải quyết các vấn đề kỹ thuật, từ đơn giản đến phức tạp, qua điện thoại hoặc trực tiếp. Họ cũng sẽ cung cấp hướng dẫn và tư vấn cho người dùng về cách sử dụng các ứng dụng và phần mềm hiệu quả. Bên cạnh đó, IT Help Desk còn theo dõi và ghi chép các sự cố kỹ thuật để phân tích và cải thiện chất lượng hệ thống thông tin.
Xác định, chẩn đoán, giải quyết vấn đề của người sử dụng máy tính cá nhân, phần mềm máy tính và phần cứng, mạng, internet, e-mail, dial-in, các vấn đề truy cập mạng; và các vấn đề máy in, photo copy, điện thoại, camera…
Cung cấp hỗ trợ cài đặt, cấu hình cho người dùng các phần cứng máy tính để bàn, phần mềm, và thiết bị ngoại vi.
Vận hành và duy trì hệ thống server, mạng LAN, WAN, camera…
Sửa chữa đúng hạn các thiết bị hoặc bảo hành, bảo trì từ nhà cung cấp bên thứ ba theo thỏa thuận hợp đồng.
Chịu trách nhiệm bảo trì, sửa chữa các thiết bị máy tính, mạng toàn công ty. Thực hiện sửa chữa phần cứng máy tính, các thiết bị máy tính PC và các thiết bị ngoại vi không được thỏa thuận bảo dưỡng của bên thứ ba nhà cung cấp.
Giúp cài đặt mạng nội bộ, hệ thống cáp và các thiết bị như card mạng, hub và switch.
Hỗ trợ, hướng dẫn người dùng xử lý các vấn đề liên quan đến IT. Phối hợp với các kỹ thuật viên khác trong việc tạo ra tài liệu liệu hướng dẫn cho người dùng cuối câu hỏi thường gặp (FAQs).
Kiểm kê, quản lý tài sản cố định & Các công việc khác theo yêu cầu của cấp trên.
Yêu Cầu Công Việc
Có kinh nghiệm ít nhất 1 năm, tốt nghiệp trung cấp, cao đẳng công nghệ thông tin trở lên
Có kiến thức windows server, hệ thống camera, Database
Có kiến thức chuyên môn cơ bản về các hệ thống máy chủ, các hệ điều hành
Có kiến thức về hệ thống mạng LAN/WAN, cấu hình các thiết bị mạng
Có khả năng làm việc độc lập hoặc làm việc theo nhóm tốt, luôn chủ động trong công việc, có tinh thần trách nhiệm và tính kỷ luật cao
Có thể đọc - hiểu & làm báo cáo bằng Tiếng anh
ĐỊA ĐIỂM & THỜI GIAN LÀM VIỆC:
Địa điểm: Lô II - 11, KCN Hố Nai, Xã Hố Nai 3, Huyện Trảng Bom, Tỉnh Đồng Nai, Việt Nam
Thời gian làm việc: 7:30 - 16:30 (Thứ 2 - Thứ 7), nghỉ 2 ngày thứ 7 trong tháng
PHÚC LỢI
Đóng BHXH trên tổng tiền lương
Bảo hiểm tai nạn 24/24 cho nhân viên
Nghỉ phép, nghỉ lễ và ngày thành lập công ty theo quy định
Cung cấp bữa sáng và bữa trưa tại các nhà máy
Tặng quà sinh nhật và quà các ngày lễ trong năm
Du lịch hàng năm
Đào tạo nội bộ và bên ngoài
Thưởng tháng 13 + thưởng năng suất theo hiệu quả kinh doanh
Chương trình thâm niên
Phụ cấp ngoại ngữ
Nghỉ hưởng lương ngày thành lập công ty
Hỗ trợ xe đưa đón và xe công tác ngoài thị trường
Hỗ trợ điện thoại, laptop, xe ô tô ( theo quy định của công ty)
Liên hệ
Ứng viên quan tâm vui lòng gửi CV/ Resume theo địa chỉ mail:
Sunjinsouth@sj.co.kr
Mọi thắc mắc cần được giải đáp xin vui lòng gọi
Mr. Duc: 0337.416.150
Ms. Mai: 0396.764.259
Ms. Vũ: 0935.056.658",,linkedin
SQL Developer,DXC Technology Vietnam,,"Ho Chi Minh City, Vietnam",,,,,"['Python', 'Scala', 'SQL', 'AI', 'SAP', 'ServiceNow', 'Security']",Full-time,Mid-Senior level,2026-06-07,,"We are seeking a SQL Application Support Engineer to support application and data-related operations. This role focuses on handling incidents, troubleshooting data issues, and supporting application/database activities using SQL and stored procedures.
The ideal candidate should be comfortable working in a support environment, investigating data discrepancies, and resolving production issues at the database/application level.
Key Responsibilities
Handle incident tickets related to application and data issues
Investigate and troubleshoot data discrepancies, identify root causes
Write SQL queries to:
Extract and analyze data
Validate data accuracy
Investigate data-related issues
Perform data verification and reconciliation
Fix data issues directly when applicable, or escalate to higher-level teams when required
Work with stored procedures to support troubleshooting and minor enhancements
Provide support at the application/database layer (not infrastructure level)
Collaborate with internal stakeholders (BA, Developers, Operations) to resolve issues
Maintain clear documentation of incidents, root causes, and resolutions
Requirements
Must-have
Experience in Application Support / Production Support / Data Support environment
Solid understanding of SQL and relational database structure (tables, relationships, data flow)
Ability to write SQL queries for:
Data extraction
Data analysis and troubleshooting
Basic knowledge of stored procedures (able to read, understand, and modify simple logic)
Experience handling:
Incident / ticket-based support
Data-related issues in production
Strong analytical and problem-solving skills
Good English communication skills (able to explain issues clearly and work with stakeholders)
Nice to have
Ability to write or optimize stored procedures independently
Basic knowledge of Python
Experience in data validation / reconciliation
Exposure to reporting systems or data processing environments
About DXC Technology
DXC Technology
(NYSE: DXC) is a leading independent IT services company serving nearly 6,000 clients in 70 countries, delivering end-to-end, next-generation solutions through global expertise and strong partnerships.
DXC Vietnam
, part of DXC Technology (Fortune 500), has nearly 30 years of presence with about 1,300 engineers, providing high‑quality, cost‑effective technology services to global and local clients. Our expertise covers AI, RPA, ServiceNow, SAP, Mobility, and application development.
EMPLOYEE BENEFITS AND PERKS
Attractive and competitive salary package.
Full salary-based contributions to Social Insurance, Health Insurance, and Unemployment Insurance in accordance with Social Security Law.
13th-month salary (guaranteed).
Generous leave policy: 12 annual leave days, 6 personal leave days, 1 volunteer leave day, plus sick leave, maternity/paternity leave, and childcare leave.
Premium Healthcare Insurance (1+1 for employees and dependents).
Employee Assistance Program (EAP) with 1:1 confidential consultation to support physical and mental well-being.
Opportunities to access the Well-being Hub with programs focused on health, mental wellness, and financial planning.
Learning & development support, including access to training resources and voucher sponsorship for professional certification exams.
Opportunities to work on global projects, collaborate with international teams, and potentially overseas assignments or relocation.
Special allowances and gifts: English and Japanese language allowances, wedding gifts, newborn gifts, and more.
Remote work support with a company-provided laptop.
Annual team activities and company events.
Collaborative and inclusive international working environment that fosters teamwork, knowledge sharing, and continuous growth.","Attractive and competitive salary package.
Full salary-based contributions to Social Insurance, Health Insurance, and Unemployment Insurance in accordance with Social Security Law.
13th-month salary (guaranteed).
Generous leave policy: 12 annual leave days, 6 personal leave days, 1 volunteer leave day, plus sick leave, maternity/paternity leave, and childcare leave.
Premium Healthcare Insurance (1+1 for employees and dependents).
Employee Assistance Program (EAP) with 1:1 confidential consultation to support physical and mental well-being.
Opportunities to access the Well-being Hub with programs focused on health, mental wellness, and financial planning.
Learning & development support, including access to training resources and voucher sponsorship for professional certification exams.
Opportunities to work on global projects, collaborate with international teams, and potentially overseas assignments or relocation.
Special allowances and gifts: English and Japanese language allowances, ...",linkedin
Technical Director-(ENG|D.2),Olik Global,,"Ho Chi Minh City, Ho Chi Minh City, Vietnam",,,,5.0,"['Go', 'Scala', 'DevOps', 'AI', 'Security']",Full-time,Not Applicable,2026-06-21,,"Location: Binh Thanh
Reports to: CTO
Type: IT Outsourcing (Onshore/Offshore)
Company size: 500-1000
Employment Type: Full-time
Technical Leadership & Direction
Define and own the technical roadmap for your domain(s), aligned with group strategy and product goals
Make and defend architectural decisions with clear rationale — balancing delivery velocity, scalability, compliance, and maintainability
Set and enforce engineering standards: code quality, system design, security, and operational readiness
Actively participate in design and architecture reviews across the broader engineering group
Stay current with industry trends, tooling, and emerging technologies — bring relevant insights back into the team
People Leadership & Organizational Development
Lead multiple engineering teams (25+ people), providing clear direction, consistent feedback, and meaningful development opportunities
Make people growth a primary responsibility — not a nice-to-have. Actively invest in the career development of every engineer in your function; track progress, create opportunities, and remove ceiling blockers
Build and sustain a psychologically safe environment where engineers feel empowered to raise concerns, challenge decisions, share failures, and propose ideas without fear of judgment or reprisal
Own hiring, onboarding, and retention for your engineering function — build the team you need to deliver
Establish a culture of extreme ownership and accountability: problems in your domain are your problems, regardless of where they originate
Identify and develop future technical leads and senior engineers; actively manage succession depth
Work across cultural boundaries effectively — our teams operate across Vietnam and Europe
Delivery & Execution
Own the delivery commitments for your domain — scope, timeline, quality, and post-release stability
Remove blockers at the team and organizational level; escalate when necessary with a proposed resolution
Drive measurable improvement in delivery throughput and engineering quality over time
Ensure systems under your ownership maintain production-grade operational standards: observability, incident response, SLAs
Cross-functional & Strategic Contribution
Collaborate with Product, QC, DevOps, and other technical directors to align delivery across the group
Contribute to group-level technology strategy, platform evolution, and engineering hiring standards
Represent the engineering function credibly with senior business stakeholders — translate technical complexity into business terms without losing substance
Champion technology adoption — including AI-assisted engineering, automation, and modern tooling — across your teams
Requirements
Non-negotiable
5-10 years of hands-on software development experience at senior, principal, or team lead level — backend-heavy, working on complex, distributed, or high-throughput systems
5+ years leading engineering teams, with direct management of 25+ people across multiple teams simultaneously
Proven ability to own and drive technical direction end-to-end — not just advise, but decide and be accountable for outcomes
Extreme ownership mindset — no blame-shifting, no bystander behaviour. If it's in your domain, it's yours
Demonstrated commitment to growing people: a track record of engineers you've developed who went on to take on greater responsibility
Fluent in both Vietnamese and English — you will operate in a Vietnamese-speaking team environment while communicating across a global, English-speaking leadership group
Based in or willing to relocate to Ho Chi Minh City, Vietnam
Strongly Preferred
Experience working in distributed, multi-office engineering organizations
Track record of introducing or scaling new engineering practices, tools, or AI-assisted workflows across a team
Technical Depth Expected
Backend systems design: distributed architecture, event-driven systems, high-availability design, data modeling
Platform infrastructure awareness: deployment pipelines, containerization, observability, incident management
Security-aware engineering
Comfort with modern engineering tooling and willingness to drive adoption
Benefits
Competitive salary package
MacBook and necessary working devices provided
Health insurance
15 annual leaves
Social insurance + 13th-month salary + annual performance review
Monthly team building activities
Birthday bonus, snacks & drinks
Interview Process
2-3 rounds (offline at office)
LEADERSHIP PROFILE
We are not looking for a manager who oversees engineers. We are looking for a technical leader who is respected by engineers — someone who can go deep when it matters, elevate the people around them, and take full ownership of outcomes without needing direction from above.
The right candidate is:
Extreme ownership — takes full responsibility for outcomes in their domain. Does not deflect, does not wait, does not qualify accountability
A builder of psychological safety — actively creates an environment where people speak up, surface problems early, share mistakes openly, and challenge up the chain without fear
Invested in people growth — measures personal success partly by how much the people around them improve. Coaching and mentoring are not side tasks; they are leadership outputs
Self-directed and proactive — identifies problems before they escalate, drives solutions without waiting to be asked
Outcome-oriented — measures success by what ships, what works, and what improves; not by effort or activity
Opinionated but open — holds strong technical views, defends them with evidence, and updates them when presented with better information
Comfortable with ambiguity — operates effectively when the answer is not obvious and the scope is not fully defined
A continuous learner — actively seeks exposure to new tools, approaches, and ideas; brings relevant insight back to the team","Competitive salary package
MacBook and necessary working devices provided
Health insurance
15 annual leaves
Social insurance + 13th-month salary + annual performance review
Monthly team building activities
Birthday bonus, snacks & drinks
Interview Process
2-3 rounds (offline at office)
LEADERSHIP PROFILE
We are not looking for a manager who oversees engineers. We are looking for a technical leader who is respected by engineers — someone who can go deep when it matters, elevate the people around them, and take full ownership of outcomes without needing direction from above.
The right candidate is:
Extreme ownership — takes full responsibility for outcomes in their domain. Does not deflect, does not wait, does not qualify accountability
A builder of psychological safety — actively creates an environment where people speak up, surface problems early, share mistakes openly, and challenge up the chain without fear
Invested in people growth — measures personal success partly by how much the ...",linkedin
SOC Tier 1,Life at Viettel Cyber Security,,"Ho Chi Minh City, Ho Chi Minh City, Vietnam",,,,1.0,"['Java', 'JavaScript', 'PHP', 'Jenkins', 'REST', 'AI', 'Excel', 'Security', 'Cybersecurity']",Full-time,Not Applicable,2026-04-22,,"POSTED AT 19/04/2025 19:25:22
SOC Tier 1
Department
Trung tâm Giám sát và Phản ứng trên không gian mạng (S.O.C)
Location
Hanoi, Ho Chi Minh City
Employment type
Full-time
Work experience
Junior
End date
Application until 31/12/2026
Security
Overview
Viettel Cyber Security One Member Limited Liability Company (VCS) focuses on the implementation, research, and in-depth development of information security products and solutions, while also providing cybersecurity (CS) products and services to large domestic and international organizations and enterprises.
Some Notable Achievements Of VCS
The Champion of Pwn2Own 2023 & 2024. Previously, VCS consistently ranked in the Top Five positions at Pwn2Own Tokyo 2020, Vancouver 2021, and Toronto 2022.
In addition to Pwn2Own, VCS has consistently made its mark and topped numerous prestigious cybersecurity attack rankings and competitions worldwide, including those held by Microsoft, Bugcrowd, Google, Oracle, and others.
VCS has exploited over 400 Zero-day security vulnerabilities on major platforms and systems of Microsoft, Oracle, Jenkins, and others.
Received 11 awards at the Cybersecurity Excellence Awards 2023, surpassing more than 800 nominations from leading global cybersecurity solution providers.
Global InfoSec Awards 2023 (Cyber Defense Magazine)
IT World Awards 2023: https://globeeawards.com/technology/winners/
Viettel Cyber Security excelled in achieving the Gold award in the Best Cyber Security Company in Asia category for 2023.
07 Gold awards for products: Network Security Monitoring Solution (VCS-CyM), Abnormal Behavior Analysis Solution (VCS-KIAN), Network Security Orchestration, Automation and Response Solution (VCS-CyCir), Endpoint Anomaly Detection Solution (VCS-aJiant), Secure Remote Working Solution for Enterprises (VCS M-Suite); Cyber Threat Intelligence Solution (VCS-Threat Intelligence); Network Security Vulnerability Management and Control Solution (VCS-V2S).
03 Gold award for services: Managed Security Services (MSS), Penetration Testing Service (Pentest), IoT Security Assessment Service.
About Security Operation Center is responsible for monitoring and handling information security issues to detect, analyze, respond to, prevent, and investigate security incidents, ensuring cybersecurity for an organization. The SOC currently manages and provides services to nearly 100 clients, including government ministries and agencies, and multi-industry organizations and enterprises both domestically and internationally.
Responsibilities
Job Description:
– Monitor and detect attacks, intrusion incidents, and malware
– Investigate, handle, and respond quickly to cybersecurity incidents
– Monitor security systems provided to customers or internal systems, ensuring continuous monitoring coverage. Each Tier 1 analyst is responsible for 5 shifts per week, each shift lasting 8 hours
Qualifications
Educational Background:
– Bachelor’s degree in: Information Security; Information Technology, Computer Science, Mathematics-Informatics…
– English proficiency equivalent to TOEIC 650 or higher
Requirements/Competencies:
– At least 1 year of experience in SOC Monitoring
– Basic programming skills in one of the following languages: C/C++, C#, PHP, Java, etc
– Basic knowledge of cybersecurity & network attack methods (possessing CEH, Security+ certification or equivalent assessment)
– Proficient in using product portals within the SOC solution ecosystem (SIEM, SOAR, EDR, NSM, Email Security, WAF, Cloudrity)
– Priority given to candidates with CEH, OSCP certifications
Skills:
– Good teamwork skills and ability to work well under pressure
– Information seeking skills
– Compliance with discipline, punctuality, and level of commitment
Benefits & perks
Competitive annual total income package
Opportunity to work with diverse domestic and international clients
Annual salary review in March
MIC health and personal accident insurance (coverage up to 600 million VND/year)
Annual health check-up
Awards recognizing performance and timely outstanding contributions
100% sponsorship for in-depth international professional certification based on position (in case of unsuccessful attempt, don’t worry, VCS will support 50% of the exam fee), special bonuses for employees achieving international professional certifications
Continuous investment in the latest and most up-to-date learning materials in the field of Information Security from leading global vendors and institutes
100% of employees are provided with an Udemy eLearning account – learn anytime, anywhere
Free participation in professional knowledge sharing programs and seminars from leading domestic and international speakers
Working in a Grade A office – Landmark 72 building with a green space complex and a private area for gym and entertainment (billiards, PES, café, reading, Pingpong)
30-minute relaxation daily with Happy hours (4:00 PM – 4:30 PM)
Sports activities: Football, Billiards, Poker, PES clubs, etc
12 days of annual leave according to Labor Law and 3 days of company vacation, traditional holiday on 22/12
Personal birthday celebrations: Gifts and birthday cake from the Company
Participation in company events: Quarterly team building activities, monthly birthday celebrations, Year End Party, vacations, International Women’s Day (March 8th), Vietnamese Women’s Day (October 20th) (female employees recieve ½ day off), Viettel Group birthday on June 1st, etc
APPLICATION FORM
APPLY THIS JOB
Please enable JavaScript in your browser to complete this form.
Please enable JavaScript in your browser to complete this form.
Full name *
Email *
Phone number *
LinkedIn/GitHub
Portfolio
Send form *
Website / URL *
Agree to Personal Data Protection Policy
In accordance with the provisions of the Law on Protection of Personal Data No. 91/2025/QH15 dated June 26, 2025, by checking the boxes below, the Candidate confirms that they have read, understood, and agree to allow Viettel Cyber Security One Member Limited Liability Company (VCS) to process their personal data for each specific purpose stated below. If the Candidate does not agree, we regret that we cannot process the application. The Candidate may withdraw their consent at any time through Customer Service channels, including the hotline +84 382 360 360 or email vcs.care@viettel.com.vn.
Acceptance of the purposes for processing the Candidate's personal data and our Statement on Processing and Protection of Personal Data of Recruitment Candidates: *
1. Executing the full recruitment and onboarding cycle: from screening, background checks, and assessments to contract finalization, talent pool management, and internal reporting.
View our Personal Data Protection Policy
Related jobs
Threat Hunting
Ho Chi Minh City
Experienced
View detail Threat Hunting
AI ENGINEER – GEN AI
Hanoi
Senior
View detail AI ENGINEER – GEN AI
Pentest Manager
Hanoi
Experienced
View detail Pentest Manager
RedTeam
Hanoi
Experienced
View detail RedTeam
Soc Manager ( Japan)
Hanoi
Experienced
View detail Soc Manager ( Japan)
Penetration Tester
Hanoi
Ho Chi Minh City Experienced
View detail Penetration Tester
View more jobs","Competitive annual total income package
Opportunity to work with diverse domestic and international clients
Annual salary review in March
MIC health and personal accident insurance (coverage up to 600 million VND/year)
Annual health check-up
Awards recognizing performance and timely outstanding contributions
100% sponsorship for in-depth international professional certification based on position (in case of unsuccessful attempt, don’t worry, VCS will support 50% of the exam fee), special bonuses for employees achieving international professional certifications
Continuous investment in the latest and most up-to-date learning materials in the field of Information Security from leading global vendors and institutes
100% of employees are provided with an Udemy eLearning account – learn anytime, anywhere
Free participation in professional knowledge sharing programs and seminars from leading domestic and international speakers
Working in a Grade A office – Landmark 72 building with a green s...",linkedin
Content Moderator - No Experience Required,TELUS Digital,,Hanoi Capital Region,,,,,['Swift'],Full-time,Not Applicable,2026-06-17,,"The purpose of a Content Moderator is to ensure a safe and positive online environment by reviewing and moderating user-generated content, enforcing guidelines, and maintaining community standards. They play a key role in upholding content quality and preventing the dissemination of inappropriate or harmful material.
Location: Tam Trinh, Tuong Mai, Hanoi
Working hour:
Operating hours: Monday through Sunday.
Work in a maximum of 40 hours per week (5 shift/week with night shift required).
Availability on weekends, holidays.
Responsibilities
Review all user-generated content on your platform, including text chats, images, videos, and comments.
Assess whether the content adheres to community guidelines, make sound a judgment call, and remove any material that violates the standards.
Manages content safety for short-video products to ensure compliance with legal standards.
Knowledgeable and possesses a deep understanding of the policies and procedures and ensures swift action to identify and remove inappropriate content before it can cause damage.
Manages and addresses inappropriate content reports, applies company policy.
Coordinate with supervisors to deal with contents violating community guidelines and update operations standards
Perform audit of contents received for sharing on social media uploads
Review online videos / content / complaints / legal notices received from end-customer on incorrect decisions taken related to copyright work materials
Review and update content on popular social media platforms
As per the role: there is possibility to be exposed to potentially harmful or sensitive content in each shift. Personal traits and self-management skills are needed to manage unique risks at a fast-paced environment within the industry.
Key Skills and Experience
Vocational Certificate or Higher in any field
Enjoys spending time watching social media feed (is an advantage)
Capable of withstanding potentially sensitive contents
Strong verbal and written communication skills (B2 proficiency)
New graduates are welcome to apply
Able to start immediately is an advantage
Why Join Us?
1. Salary and Benefits
Attractive salary;
Attractive bonus, benefits and annual salary review;
Premium Healthcare and Mental Health Care service for you, 100% covered by the company;
Extra bonus per personal events (Wedding, Funeral, Hospitalization, Newborn baby) and a very cute baby box for staff who are going to welcome a new baby angel to the world;
Annual health check;
Paid leave (12 days/year).
2. Working Environment
International, fun, and professional working environment: Working closely with both experienced Vietnamese and foreign experts;
Free drinks (coffee, tea, etc.)
Laptop/computer and other equipment is provided.
Training and career development opportunities;
Free in-house gym and game room for everyone. We love board games, video games, PS5;","Attractive salary;
Attractive bonus, benefits and annual salary review;
Premium Healthcare and Mental Health Care service for you, 100% covered by the company;
Extra bonus per personal events (Wedding, Funeral, Hospitalization, Newborn baby) and a very cute baby box for staff who are going to welcome a new baby angel to the world;
Annual health check;
Paid leave (12 days/year).
2. Working Environment
International, fun, and professional working environment: Working closely with both experienced Vietnamese and foreign experts;
Free drinks (coffee, tea, etc.)
Laptop/computer and other equipment is provided.
Training and career development opportunities;
Free in-house gym and game room for everyone. We love board games, video games, PS5;",linkedin
Digitization Service Analyst (Open for Fresher),Anduin Transactions,,"Ho Chi Minh City, Vietnam",,,,1.0,['Excel'],Full-time,Mid-Senior level,2026-06-17,,"The private markets are a multi-trillion-dollar powerhouse that funds everything from tech startups to major infrastructure projects, yet much of it still operates on fragmented, inefficient legacy systems. At Anduin, we're changing that. The Anduin platform is built for the complete investor experience. We're not just improving a process; we're creating a better way for the entire industry to operate.
The Anduin Platform has supported over $205 billion in capital raised, helping more than 1,180 funds and 64,000 investors transact in a more efficient and investor-friendly way. This remarkable traction is a testament to the powerful, tangible value we deliver to our clients every day, solidifying our position as a leader in the financial technology space.
We're a global team of over 140 talented individuals with deep private market expertise across North America, Europe, and Asia. Since our founding in 2014, we've remained focused on our mission to revolutionize investing in alts and empower LP-GP relationships. If you're ready to join a team that is transforming an entire industry and making a real impact, we encourage you to apply.
We are looking for a Digitization Service Analyst who will work closely with both engineering, legal, and digitization operation teams to take part in various production phases of Anduin Fund Subscription and Fund Operation products (https://fundsub.io).
Job Responsibilities:
-
Digitize PDF subscription documents into web-based forms using internal tools, including but not limited to:
Communicate effectively with customers to understand their expectations and gather required information for digitization;
Analyze subscription documents to determine the required form logic and optimal digitization approach;
Use Anduin’s platform and tools to digitize subscription documents;
Coordinate effectively with technology engineers to implement form logic, and with cross-functional teams to address customer requests;
Partly involved in logic implementation (using simple programming language) and testing to ensure quality and accuracy before delivery.
-
Align with company and team goals, and adapt to changes in technology and processes.
-
Actively contribute to discussions and initiatives to improve processes, tools, and products.
-
Demonstrate flexibility and the ability to quickly adapt to new tools, technologies, and evolving responsibilities.
Job Qualifications:
Excellent English skills (MUST).
Strong logical thinking with good analytical and problem-solving skills.
Tech-oriented mindset with solid computer skills and openness to new technologies.
Ability to document and troubleshoot errors.
Agility and willingness to learn and adapt to changes.
High sense of responsibility and strong work ethic.
Ability to handle pressure and maintain work quality during high-demand periods.
Excellent time management and strong attention to detail.
STEM background is a plus.
1+ year of relevant work experience is preferred",,linkedin
Tester,NMS,,"Hanoi, Hanoi, Vietnam",,,,,"['SQL', 'Agile', 'Scrum', 'Jira', 'iOS', 'Android']",Full-time,Not Applicable,1 year ago,,"MÔ TẢ CÔNG VIỆC
Tham gia vào các dự án phần mềm của Công ty
Đọc hiểu các tài liệu BA
Viết test case, test report.
Thực hiện công việc kiểm thử (manual test) để kiểm tra chất lượng sản phẩm trước khi chuyển cho khách hàng.
Cập nhật thông tin chi tiết về các lỗi của phần mềm tìm thấy lên công cụ quản lý dự án (Redmine, Jira…)
Theo dõi trạng thái sửa lỗi và kiểm tra lại việc sửa lỗi trước khi đóng lỗi
Thực hiện báo cáo chất lượng dự án phần mềm.
Phối hợp với đối tác/khách hàng trong quá trình test, fix bugs
Viết các tài liệu hướng dẫn sử dụng phần mềm theo phân công của quản lý
YÊU CẦU
Khả năng phân tích, tư duy logic tốt.
Kỹ năng giao tiếp tốt
Tốt nghiệp Đại học / Cao đẳng (hoặc tương đương) các chuyên ngành CNTT, Điện tử – Viễn thông
Có ít nhất 2 năm kinh nghiệm ở vị trí tương đương
Có kinh nghiệm sử dụng SQL để phục vụ cho việc test phần mềm
Ưu tiên các ứng viên có các yếu tố sau:
Đã có kinh nghiệm test website và ứng dụng mobile (Android, iOS)
Khả năng sử dụng tiếng Anh trong công việc
Có kiến thức hoặc kinh nghiệm phát triển phần mềm theo mô hình Agile (Scrum)
QUYỀN LỢI
Mức thu nhập cạnh tranh: upto 18M, Thỏa thuận theo năng lực
“NMS care” bảo hiểm dành riêng cho nhân viên NMS.
Nghỉ mát: Theo chính sách của công ty
Có cơ hội được xem xét nâng lương hàng năm tùy vào kết quả công việc.
Môi trường làm việc hiện đại, thân thiện.
Chính sách cho người lao động tuân theo “Bộ luật lao động” tại Việt Nam.",,linkedin
IT Engineer,Boyd,,"Bac Ninh, Vietnam",,,,4.0,['Security'],Full-time,Not Applicable,2026-06-14,,"Job Purpose :
The IT Engineer is responsible for providing on-site support to local plant staff and coordinating with regional/global IT staff whenever needed to provide full IT service for all staff located across the Asia region.
Consistent customer care, quality standards, and reporting requirements are core competencies of the position.
Ability to quickly adapt to changing priorities and fluctuations in workflow.
Working Location:
Yen Phong (extend) industrial zone, Yen Trung commune, Yen Phong district, Bac Ninh, Vietnam
Key Responsibilities:
IT Support
• Provide daily comprehensive technical support services to local office
• isolate and trouble-shoot any network, system, printing and application problems
• Provide incident and after-action reports and analysis
Network & System Management
• support network, PBX, CCTV, Switch, Door Access system and servers
• Assistance on IT infrastructure /network/server project
• Assist Anti-virus system management and security-related alerts screening with the guide from regional/global IT
Asset Management
• Install new PCs, printer, telephone, and other IT equipment
• Distribute IT equipment, and in charge of local IT inventory maintenance
• IT related procurement
Knowledge and Standards
• Follow up established procedure on finishing documentation/recording work
• Maintain IT documents and service guides, Contribute current technical information and best practices to the Reference Library
• Support business processes, systems, and users by applying knowledge of information technology
• Organize and utilize all support resources provided including emails, documentation, contact lists, etc.
Other tasks
• Provide basic computer training to staff; Deal ISP related case
• Assist users with backup procedures periodically in accordance with user backup policy
• Accomplish any other tasks as assigned by the superior
Requirements:
Good knowledge of both hardware, software, network ;
Experience of software like MS Office365 OWA, Teams, SharePoint Online…etc.
Experience on software like Smart CFD, CADian, Solidworks, AutoCAD etc, installation and licensing, resolve computer and printer problems
Good/Strong verbal and written communication skills, can use English as working language
Problem-solving skills, and the ability to exercise sound judgment in any customer service scenario
good team player with self-motivation and can work independently with minimal direction, experience of working in multi-national company will be a plus
At least 4 Years working experience on IT support role
Degree or Diploma in IT or related discipline",,linkedin
"Client Success Representative (Remote within APAC region, Contract)",INFUSE,,"Ho Chi Minh City, Ho Chi Minh City, Vietnam",,,,,"['Scala', 'REST', 'Machine Learning', 'Security']",Full-time,Mid-Senior level,2026-06-19,,"OUR HIRING PROCESS:
We will review your application against our job requirements. We do not employ machine learning technologies during this phase as we believe every human deserves attention from another human. We do not think machines can evaluate your application quite like our seasoned recruiting professionals—every person is unique. We promise to give your candidacy a fair and detailed assessment.
We may then invite you to submit a video interview for the review of the hiring manager. This video interview is often followed by a test or short project that allows us to determine whether you will be a good fit for the team.
At this point, we will invite you to interview with our hiring manager and/or the interview team. Please note: We do not conduct interviews via text message, Telegram, etc. and we never hire anyone into our organization without having met you face-to-face (or via Zoom). You will be invited to come to a live meeting or Zoom, where you will meet our INFUSE team.
From there on, it’s decision time! If you are still excited to join INFUSE and we like you as much, we will have a conversation about your offer. We do not make offers without giving you the opportunity to speak with us live.
INFUSE is committed to complying with applicable data privacy and security laws and regulations. For more information, please see our Privacy Policy
INFUSE
is a demand generation company providing solutions to B2B organizations. We help clients and partners to deliver audience, buyers, and account engagement that meets their goals. With a global team operating across more than 60 countries, the company has been recognized multiple times on the prestigious Inc. 5000 list, and has received over 60 other industry awards, including Inc. Best Workplaces.
Are you driven by the desire to deliver exceptional client experiences and thrive in a dynamic environment? At INFUSE, we're seeking a passionate Client Success Specialist to join our team, where your efforts directly contribute to our clients' satisfaction and our company's success. This position offers an enriching path to professional growth and the unique opportunity to work with a variety of industries, ensuring no two days are the same. INFUSE has built a reputation as a beloved employer by prioritizing employee satisfaction and creating a workplace where everyone feels valued and connected. Joining our team means becoming part of a supportive community that celebrates every success and encourages continuous improvement. You'll discover how our employees love their jobs, driven by the meaningful connections they make and the positive impact they have on our clients' businesses.
Key Responsibilities
Build and maintain strong, long-lasting client relationships
Ensure the timely and successful delivery of our solutions according to client needs and objectives
Communicate clearly the progress of monthly/quarterly initiatives to internal and external stakeholders
Identify and grow opportunities within the territory and collaborate with sales teams to ensure growth attainment
Assist with challenging client requests or issue escalations as needed
Provide assistance across a variety of administrative and operational tasks, such as data entry, updating internal systems, or managing schedules.
Requirements
Proven track record of managing client relationships, preferably in a related field such as hospitality, client success, or sales
Strong communication and interpersonal skills
Can handle various tasks with attention to detail, managing priorities effectively in a fast-paced environment.
Empathetic understanding of client needs and ability to address them effectively
Ability to address challenges and proactively offer solutions.
If you're passionate about building meaningful relationships and delivering top-notch client experiences, we'd love to hear from you. Apply now to embark on a rewarding career journey with INFUSE, where your ambitions and contributions are recognized and valued. Don't miss your chance to be part of a team that genuinely enjoys making a difference. Submit your application today!
We are an Equal Opportunity Employer. We make hiring decisions based on qualifications, merit, and business needs. We do not discriminate on the basis of race, color, religion, sex (including pregnancy, sexual orientation, and gender identity), national origin, age, disability, genetic information, or any other characteristic protected under applicable law. We welcome applicants from all backgrounds and believe that diversity of experience, culture, and perspective makes us stronger.",,linkedin
Technical Project Manager,WRS Health,,Vietnam,,,,,"['Scala', 'Agile', 'Jira']",Contract,Not Applicable,2026-06-18,,"Company Overview
Voted #1 EHR by PC Mag, WRS Health delivers a fully integrated cloud based EMR and practice management solutions to its clients. We bring solutions to physicians by providing constant enhancement of our products and services including EHR, practice management, marketing, patient coordination and billing.
Job Purpose and Role
The Technical Product Owner (TPO) acts as the bridge between business objectives and technical execution, ensuring that products are developed in alignment with strategic goals and technical standards. As the primary advocate for the customer, the TPO works closely with UI/UX architects, developers, and stakeholders to deliver high-quality, value-driven product releases.
This role is responsible for guiding the product lifecycle from concept to launch and beyond, ensuring that user needs are met while maintaining technical integrity. As a key leader, the TPO is ultimately accountable for the product’s success and continuous alignment with both business and user expectations. Prior experience in healthcare or healthcare-focused software is considered an advantage.
Key Responsibilities
Product Ownership & Agile Leadership
Act as the primary contact for major system issues and product-related inquiries
Gather and document requirements from clients and internal stakeholders
Manage and prioritize the product backlog, ensuring readiness for development
Lead Agile ceremonies including sprint planning, sprint reviews, and other team meetings
Collaborat closely with developers and QA to ensure product quality, accurate implementation, and smooth releases
Communicate the value of new features to internal teams and clients
Oversee and mentor the Product Owner team, including goal-setting, project assignments, and performance evaluations
Maintain internal tools such as developer PTO and assignment trackers
Regulatory Compliance
Handle system certification processes (e.g., ONC, Surescripts, MDToolbox/DEA)
Ensure ongoing compliance with healthcare regulations and industry standards.
Manual Testing Team Oversight
Managed structure and productivity of the manual testing team
Aligned testing timelines with product delivery schedules
Provided regular performance feedback
Clinical Services (MIPS) Oversight
Directed MIPS Services in line with financial and strategic objectives
Ensured regulatory compliance and managed escalations
Coordinated with Reg-ent and leadership, delivered financial reporting, and trained new staff on MIPS-related tasks
Qualifications
Proven experience conducting user research and synthesizing insights through user flows, personas, and other methodologies
Experience in the healthcare or health technology industry related to medical practices
Demonstrated ability to manage conflicting priorities, distinguish between critical roadblocks and distractions, and make sound decisions under pressure
Strong data-driven mindset with experience leveraging analytics to inform product decisions
Proactive and self-motivated, with the judgment to know when to seek guidance
Extensive experience gathering, documenting, and communicating detailed requirements, including functional, technical, reporting, and data needs
Exceptional communication skills, with the ability to influence and build consensus across diverse teams and stakeholders
Deep experience working in Agile environments, breaking down epics into actionable stories, and guiding teams through the software development lifecycle
Track record of successful technology product design, implementation, and delivery
Advanced analytical, problem-solving, and critical thinking abilities
Demonstrated leadership experience, including team management and mentoring
Proficiency with Jira and cloud-based architectures
This is an Independent Contractor position.
Job Type: Full-time Remote
Hours: 8:30 AM to 4:30 PM EST or 9:00 AM to 5:00 PM EST
This job description is intended to describe the general requirements for the position.  It is not a complete statement of duties, responsibilities or requirements.  Other duties not listed here may be assigned as necessary to ensure proper operations of the department.",,linkedin
Engineering Director,"Money Forward Vietnam Co., Ltd",,"Ho Chi Minh City, Ho Chi Minh City, Vietnam",,,,10.0,"['Excel', 'Networking']",Full-time,Not Applicable,2026-01-22,,"Engineering Director
Urgent
Ho Chi Minh
Tech/Engineer
The Engineering Director is responsible for providing strategic leadership to multiple engineering teams and departments, ensuring effective collaboration and coordination. They will drive the development and execution of engineering strategies, aligning them with the overall strategic goals of the company.
Job Description
Key Responsibilities:
Project Management:
Manage team development efforts towards successful iterative project delivery
Ensure appropriate procedures and processes are followed with on-time delivery on projects
Monitor, evaluate, and ensure projects and task for delivery commitments and keep communication lines open and transparent on impediments or risk for on-time delivery
Refine requirements to translate them into functional specs
Collaborate with Money Forward Group and stakeholders to collect and document project requirements, development of user stories, estimates and delivery schedules
Define and enforce well defined processes and standard to ensure quality in all tasks and documentation
Team and Department Management:
Scope of management: 30+ engineering talents
Lead and manage multiple engineering teams and departments, ensuring effective collaboration and coordination.
Set clear goals and objectives for the teams, and provide guidance and support to achieve them.
Foster a culture of excellence, innovation, and continuous improvement within the engineering organization.
Engineering Development:
Recruit, develop, and retain top engineering talent to build high-performing teams.
Coach to team members, help them grow and advance in their careers.
Deliver training programs and initiatives to enhance the technical skills and knowledge of the engineering team.
Establish vision and career roadmap for technical engineering aligned with business needs
Strategic Execution:
Align engineering initiatives with the overall strategic goals of the company.
Develop and execute engineering strategies to drive product innovation and ensure the successful delivery of projects.
Collaborate with cross-functional teams to ensure the smooth execution of engineering projects.
Stakeholder Engagement:
Collaborate with internal stakeholders, such as product managers and business leaders, to understand their requirements and align engineering efforts accordingly.
Communicate effectively with stakeholders to provide updates on project status, risks, and opportunities.
Maintain ongoing communication with stakeholders, actively proposing and securing new opportunities that align with the growth and achievements of the development organization.
Cultivate the organization effectively to eliminate a passive outsourcing mindset and foster a proactive approach.
Operational Excellence
Implement and improve engineering processes and methodologies to optimize efficiency and productivity
Build the Engineering experiences through enhancing the Technical interview process and Engineering Onboarding programs
Drive the adoption of best practices and industry standards within the engineering organization
Monitor and evaluate the performance of engineering projects, ensuring they are delivered on time and effectively
Qualifications
Must have:
Background in Information Technology, Software Engineering, or Information System
Proficiency in English
10+ years experience in managing web project or product development
4+ years experience with people management and stakeholder management
Experience in handling an engineer team (direct or indirect) of 20+ members
Adaptability: Demonstrates the ability to adapt to large, complex, and frequent changes, ensuring the engineering organization can effectively respond to evolving market demands.
Inclusive Leadership: Advocates for diversity and inclusion within the organization, fostering an environment that values and leverages diverse perspectives.
Networking / Relationship Building (People management/ Stakeholder management): Strategically expands networks and builds strong relationships with stakeholders, both internal and external, to drive collaboration and achieve organizational goals.
Risk Management: Designs and implements strategies for effectively managing high-risk initiatives, ensuring that potential risks are identified and mitigated to minimize impact on project outcomes.
Strategic Thinking: Demonstrates the ability to think strategically and influences the direction of the organization, aligning engineering initiatives with the overall strategic goals of the company.
Nice To Have
Experience working at similar level in an IT firm, such as Department Manager, VP of Engineering / Head of Delivery / CTO
Holding professional certification in management, such as PMP, PgMP, CSM, PMI-ACP
Experience in managing/developing BtoB applications
Fluent in Japanese (N1/N2) is a big plus
Our benefits
Caring Mental & Physical Recreation
Hybrid working: 2 days at the office and 3 days WFH
Working hour: Flexible start 8AM-9AM from Mon-Fri
Full salary in probation
Insurance: Applied from Probation period:
Social Insurance, Health Insurance, Unemployment Insurance (on 100% salary)
Private health insurance & accident insurance. From Managing level: extra for family members
Bonus: 13th month salary
16 - 24 paid days off and more
Paternity leave: Extra 5 days
Annual company trip; Quarterly team building
Billiards & Running club
Annual health check
Well-equipped facility: Macbook pro, additional monitor,..
Caring Career & Development
Clear Career path
Foreign language & International technology-related certifications sponsoring
External & internal training courses
Soft-skill workshops
Tech seminars
Monthly and biannual Recognition Awards
Performance & salary review: twice/year (Jun & Dec)
Share on
Link copied!","Caring Mental & Physical Recreation
Hybrid working: 2 days at the office and 3 days WFH
Working hour: Flexible start 8AM-9AM from Mon-Fri
Full salary in probation
Insurance: Applied from Probation period:
Social Insurance, Health Insurance, Unemployment Insurance (on 100% salary)
Private health insurance & accident insurance. From Managing level: extra for family members
Bonus: 13th month salary
16 - 24 paid days off and more
Paternity leave: Extra 5 days
Annual company trip; Quarterly team building
Billiards & Running club
Annual health check
Well-equipped facility: Macbook pro, additional monitor,..
Caring Career & Development
Clear Career path
Foreign language & International technology-related certifications sponsoring
External & internal training courses
Soft-skill workshops
Tech seminars
Monthly and biannual Recognition Awards
Performance & salary review: twice/year (Jun & Dec)
Share on
Link copied!",linkedin
Digitization Service Analyst (Open for Fresher),Anduin Transactions,,"Ho Chi Minh City, Vietnam",,,,1.0,['Excel'],Full-time,Mid-Senior level,2026-06-17,,"The private markets are a multi-trillion-dollar powerhouse that funds everything from tech startups to major infrastructure projects, yet much of it still operates on fragmented, inefficient legacy systems. At Anduin, we're changing that. The Anduin platform is built for the complete investor experience. We're not just improving a process; we're creating a better way for the entire industry to operate.
The Anduin Platform has supported over $205 billion in capital raised, helping more than 1,180 funds and 64,000 investors transact in a more efficient and investor-friendly way. This remarkable traction is a testament to the powerful, tangible value we deliver to our clients every day, solidifying our position as a leader in the financial technology space.
We're a global team of over 140 talented individuals with deep private market expertise across North America, Europe, and Asia. Since our founding in 2014, we've remained focused on our mission to revolutionize investing in alts and empower LP-GP relationships. If you're ready to join a team that is transforming an entire industry and making a real impact, we encourage you to apply.
We are looking for a Digitization Service Analyst who will work closely with both engineering, legal, and digitization operation teams to take part in various production phases of Anduin Fund Subscription and Fund Operation products (https://fundsub.io).
Job Responsibilities:
-
Digitize PDF subscription documents into web-based forms using internal tools, including but not limited to:
Communicate effectively with customers to understand their expectations and gather required information for digitization;
Analyze subscription documents to determine the required form logic and optimal digitization approach;
Use Anduin’s platform and tools to digitize subscription documents;
Coordinate effectively with technology engineers to implement form logic, and with cross-functional teams to address customer requests;
Partly involved in logic implementation (using simple programming language) and testing to ensure quality and accuracy before delivery.
-
Align with company and team goals, and adapt to changes in technology and processes.
-
Actively contribute to discussions and initiatives to improve processes, tools, and products.
-
Demonstrate flexibility and the ability to quickly adapt to new tools, technologies, and evolving responsibilities.
Job Qualifications:
Excellent English skills (MUST).
Strong logical thinking with good analytical and problem-solving skills.
Tech-oriented mindset with solid computer skills and openness to new technologies.
Ability to document and troubleshoot errors.
Agility and willingness to learn and adapt to changes.
High sense of responsibility and strong work ethic.
Ability to handle pressure and maintain work quality during high-demand periods.
Excellent time management and strong attention to detail.
STEM background is a plus.
1+ year of relevant work experience is preferred",,linkedin
Tester,NMS,,"Hanoi, Hanoi, Vietnam",,,,,"['SQL', 'Agile', 'Scrum', 'Jira', 'iOS', 'Android']",Full-time,Not Applicable,1 year ago,,"MÔ TẢ CÔNG VIỆC
Tham gia vào các dự án phần mềm của Công ty
Đọc hiểu các tài liệu BA
Viết test case, test report.
Thực hiện công việc kiểm thử (manual test) để kiểm tra chất lượng sản phẩm trước khi chuyển cho khách hàng.
Cập nhật thông tin chi tiết về các lỗi của phần mềm tìm thấy lên công cụ quản lý dự án (Redmine, Jira…)
Theo dõi trạng thái sửa lỗi và kiểm tra lại việc sửa lỗi trước khi đóng lỗi
Thực hiện báo cáo chất lượng dự án phần mềm.
Phối hợp với đối tác/khách hàng trong quá trình test, fix bugs
Viết các tài liệu hướng dẫn sử dụng phần mềm theo phân công của quản lý
YÊU CẦU
Khả năng phân tích, tư duy logic tốt.
Kỹ năng giao tiếp tốt
Tốt nghiệp Đại học / Cao đẳng (hoặc tương đương) các chuyên ngành CNTT, Điện tử – Viễn thông
Có ít nhất 2 năm kinh nghiệm ở vị trí tương đương
Có kinh nghiệm sử dụng SQL để phục vụ cho việc test phần mềm
Ưu tiên các ứng viên có các yếu tố sau:
Đã có kinh nghiệm test website và ứng dụng mobile (Android, iOS)
Khả năng sử dụng tiếng Anh trong công việc
Có kiến thức hoặc kinh nghiệm phát triển phần mềm theo mô hình Agile (Scrum)
QUYỀN LỢI
Mức thu nhập cạnh tranh: upto 18M, Thỏa thuận theo năng lực
“NMS care” bảo hiểm dành riêng cho nhân viên NMS.
Nghỉ mát: Theo chính sách của công ty
Có cơ hội được xem xét nâng lương hàng năm tùy vào kết quả công việc.
Môi trường làm việc hiện đại, thân thiện.
Chính sách cho người lao động tuân theo “Bộ luật lao động” tại Việt Nam.",,linkedin
IT Engineer,Boyd,,"Bac Ninh, Vietnam",,,,4.0,['Security'],Full-time,Not Applicable,2026-06-14,,"Job Purpose :
The IT Engineer is responsible for providing on-site support to local plant staff and coordinating with regional/global IT staff whenever needed to provide full IT service for all staff located across the Asia region.
Consistent customer care, quality standards, and reporting requirements are core competencies of the position.
Ability to quickly adapt to changing priorities and fluctuations in workflow.
Working Location:
Yen Phong (extend) industrial zone, Yen Trung commune, Yen Phong district, Bac Ninh, Vietnam
Key Responsibilities:
IT Support
• Provide daily comprehensive technical support services to local office
• isolate and trouble-shoot any network, system, printing and application problems
• Provide incident and after-action reports and analysis
Network & System Management
• support network, PBX, CCTV, Switch, Door Access system and servers
• Assistance on IT infrastructure /network/server project
• Assist Anti-virus system management and security-related alerts screening with the guide from regional/global IT
Asset Management
• Install new PCs, printer, telephone, and other IT equipment
• Distribute IT equipment, and in charge of local IT inventory maintenance
• IT related procurement
Knowledge and Standards
• Follow up established procedure on finishing documentation/recording work
• Maintain IT documents and service guides, Contribute current technical information and best practices to the Reference Library
• Support business processes, systems, and users by applying knowledge of information technology
• Organize and utilize all support resources provided including emails, documentation, contact lists, etc.
Other tasks
• Provide basic computer training to staff; Deal ISP related case
• Assist users with backup procedures periodically in accordance with user backup policy
• Accomplish any other tasks as assigned by the superior
Requirements:
Good knowledge of both hardware, software, network ;
Experience of software like MS Office365 OWA, Teams, SharePoint Online…etc.
Experience on software like Smart CFD, CADian, Solidworks, AutoCAD etc, installation and licensing, resolve computer and printer problems
Good/Strong verbal and written communication skills, can use English as working language
Problem-solving skills, and the ability to exercise sound judgment in any customer service scenario
good team player with self-motivation and can work independently with minimal direction, experience of working in multi-national company will be a plus
At least 4 Years working experience on IT support role
Degree or Diploma in IT or related discipline",,linkedin
"Client Success Representative (Remote within APAC region, Contract)",INFUSE,,"Ho Chi Minh City, Ho Chi Minh City, Vietnam",,,,,"['Scala', 'REST', 'Machine Learning', 'Security']",Full-time,Mid-Senior level,2026-06-19,,"OUR HIRING PROCESS:
We will review your application against our job requirements. We do not employ machine learning technologies during this phase as we believe every human deserves attention from another human. We do not think machines can evaluate your application quite like our seasoned recruiting professionals—every person is unique. We promise to give your candidacy a fair and detailed assessment.
We may then invite you to submit a video interview for the review of the hiring manager. This video interview is often followed by a test or short project that allows us to determine whether you will be a good fit for the team.
At this point, we will invite you to interview with our hiring manager and/or the interview team. Please note: We do not conduct interviews via text message, Telegram, etc. and we never hire anyone into our organization without having met you face-to-face (or via Zoom). You will be invited to come to a live meeting or Zoom, where you will meet our INFUSE team.
From there on, it’s decision time! If you are still excited to join INFUSE and we like you as much, we will have a conversation about your offer. We do not make offers without giving you the opportunity to speak with us live.
INFUSE is committed to complying with applicable data privacy and security laws and regulations. For more information, please see our Privacy Policy
INFUSE
is a demand generation company providing solutions to B2B organizations. We help clients and partners to deliver audience, buyers, and account engagement that meets their goals. With a global team operating across more than 60 countries, the company has been recognized multiple times on the prestigious Inc. 5000 list, and has received over 60 other industry awards, including Inc. Best Workplaces.
Are you driven by the desire to deliver exceptional client experiences and thrive in a dynamic environment? At INFUSE, we're seeking a passionate Client Success Specialist to join our team, where your efforts directly contribute to our clients' satisfaction and our company's success. This position offers an enriching path to professional growth and the unique opportunity to work with a variety of industries, ensuring no two days are the same. INFUSE has built a reputation as a beloved employer by prioritizing employee satisfaction and creating a workplace where everyone feels valued and connected. Joining our team means becoming part of a supportive community that celebrates every success and encourages continuous improvement. You'll discover how our employees love their jobs, driven by the meaningful connections they make and the positive impact they have on our clients' businesses.
Key Responsibilities
Build and maintain strong, long-lasting client relationships
Ensure the timely and successful delivery of our solutions according to client needs and objectives
Communicate clearly the progress of monthly/quarterly initiatives to internal and external stakeholders
Identify and grow opportunities within the territory and collaborate with sales teams to ensure growth attainment
Assist with challenging client requests or issue escalations as needed
Provide assistance across a variety of administrative and operational tasks, such as data entry, updating internal systems, or managing schedules.
Requirements
Proven track record of managing client relationships, preferably in a related field such as hospitality, client success, or sales
Strong communication and interpersonal skills
Can handle various tasks with attention to detail, managing priorities effectively in a fast-paced environment.
Empathetic understanding of client needs and ability to address them effectively
Ability to address challenges and proactively offer solutions.
If you're passionate about building meaningful relationships and delivering top-notch client experiences, we'd love to hear from you. Apply now to embark on a rewarding career journey with INFUSE, where your ambitions and contributions are recognized and valued. Don't miss your chance to be part of a team that genuinely enjoys making a difference. Submit your application today!
We are an Equal Opportunity Employer. We make hiring decisions based on qualifications, merit, and business needs. We do not discriminate on the basis of race, color, religion, sex (including pregnancy, sexual orientation, and gender identity), national origin, age, disability, genetic information, or any other characteristic protected under applicable law. We welcome applicants from all backgrounds and believe that diversity of experience, culture, and perspective makes us stronger.",,linkedin
Technical Project Manager,WRS Health,,Vietnam,,,,,"['Scala', 'Agile', 'Jira']",Contract,Not Applicable,2026-06-18,,"Company Overview
Voted #1 EHR by PC Mag, WRS Health delivers a fully integrated cloud based EMR and practice management solutions to its clients. We bring solutions to physicians by providing constant enhancement of our products and services including EHR, practice management, marketing, patient coordination and billing.
Job Purpose and Role
The Technical Product Owner (TPO) acts as the bridge between business objectives and technical execution, ensuring that products are developed in alignment with strategic goals and technical standards. As the primary advocate for the customer, the TPO works closely with UI/UX architects, developers, and stakeholders to deliver high-quality, value-driven product releases.
This role is responsible for guiding the product lifecycle from concept to launch and beyond, ensuring that user needs are met while maintaining technical integrity. As a key leader, the TPO is ultimately accountable for the product’s success and continuous alignment with both business and user expectations. Prior experience in healthcare or healthcare-focused software is considered an advantage.
Key Responsibilities
Product Ownership & Agile Leadership
Act as the primary contact for major system issues and product-related inquiries
Gather and document requirements from clients and internal stakeholders
Manage and prioritize the product backlog, ensuring readiness for development
Lead Agile ceremonies including sprint planning, sprint reviews, and other team meetings
Collaborat closely with developers and QA to ensure product quality, accurate implementation, and smooth releases
Communicate the value of new features to internal teams and clients
Oversee and mentor the Product Owner team, including goal-setting, project assignments, and performance evaluations
Maintain internal tools such as developer PTO and assignment trackers
Regulatory Compliance
Handle system certification processes (e.g., ONC, Surescripts, MDToolbox/DEA)
Ensure ongoing compliance with healthcare regulations and industry standards.
Manual Testing Team Oversight
Managed structure and productivity of the manual testing team
Aligned testing timelines with product delivery schedules
Provided regular performance feedback
Clinical Services (MIPS) Oversight
Directed MIPS Services in line with financial and strategic objectives
Ensured regulatory compliance and managed escalations
Coordinated with Reg-ent and leadership, delivered financial reporting, and trained new staff on MIPS-related tasks
Qualifications
Proven experience conducting user research and synthesizing insights through user flows, personas, and other methodologies
Experience in the healthcare or health technology industry related to medical practices
Demonstrated ability to manage conflicting priorities, distinguish between critical roadblocks and distractions, and make sound decisions under pressure
Strong data-driven mindset with experience leveraging analytics to inform product decisions
Proactive and self-motivated, with the judgment to know when to seek guidance
Extensive experience gathering, documenting, and communicating detailed requirements, including functional, technical, reporting, and data needs
Exceptional communication skills, with the ability to influence and build consensus across diverse teams and stakeholders
Deep experience working in Agile environments, breaking down epics into actionable stories, and guiding teams through the software development lifecycle
Track record of successful technology product design, implementation, and delivery
Advanced analytical, problem-solving, and critical thinking abilities
Demonstrated leadership experience, including team management and mentoring
Proficiency with Jira and cloud-based architectures
This is an Independent Contractor position.
Job Type: Full-time Remote
Hours: 8:30 AM to 4:30 PM EST or 9:00 AM to 5:00 PM EST
This job description is intended to describe the general requirements for the position.  It is not a complete statement of duties, responsibilities or requirements.  Other duties not listed here may be assigned as necessary to ensure proper operations of the department.",,linkedin
Engineering Director,"Money Forward Vietnam Co., Ltd",,"Ho Chi Minh City, Ho Chi Minh City, Vietnam",,,,10.0,"['Excel', 'Networking']",Full-time,Not Applicable,2026-01-22,,"Engineering Director
Urgent
Ho Chi Minh
Tech/Engineer
The Engineering Director is responsible for providing strategic leadership to multiple engineering teams and departments, ensuring effective collaboration and coordination. They will drive the development and execution of engineering strategies, aligning them with the overall strategic goals of the company.
Job Description
Key Responsibilities:
Project Management:
Manage team development efforts towards successful iterative project delivery
Ensure appropriate procedures and processes are followed with on-time delivery on projects
Monitor, evaluate, and ensure projects and task for delivery commitments and keep communication lines open and transparent on impediments or risk for on-time delivery
Refine requirements to translate them into functional specs
Collaborate with Money Forward Group and stakeholders to collect and document project requirements, development of user stories, estimates and delivery schedules
Define and enforce well defined processes and standard to ensure quality in all tasks and documentation
Team and Department Management:
Scope of management: 30+ engineering talents
Lead and manage multiple engineering teams and departments, ensuring effective collaboration and coordination.
Set clear goals and objectives for the teams, and provide guidance and support to achieve them.
Foster a culture of excellence, innovation, and continuous improvement within the engineering organization.
Engineering Development:
Recruit, develop, and retain top engineering talent to build high-performing teams.
Coach to team members, help them grow and advance in their careers.
Deliver training programs and initiatives to enhance the technical skills and knowledge of the engineering team.
Establish vision and career roadmap for technical engineering aligned with business needs
Strategic Execution:
Align engineering initiatives with the overall strategic goals of the company.
Develop and execute engineering strategies to drive product innovation and ensure the successful delivery of projects.
Collaborate with cross-functional teams to ensure the smooth execution of engineering projects.
Stakeholder Engagement:
Collaborate with internal stakeholders, such as product managers and business leaders, to understand their requirements and align engineering efforts accordingly.
Communicate effectively with stakeholders to provide updates on project status, risks, and opportunities.
Maintain ongoing communication with stakeholders, actively proposing and securing new opportunities that align with the growth and achievements of the development organization.
Cultivate the organization effectively to eliminate a passive outsourcing mindset and foster a proactive approach.
Operational Excellence
Implement and improve engineering processes and methodologies to optimize efficiency and productivity
Build the Engineering experiences through enhancing the Technical interview process and Engineering Onboarding programs
Drive the adoption of best practices and industry standards within the engineering organization
Monitor and evaluate the performance of engineering projects, ensuring they are delivered on time and effectively
Qualifications
Must have:
Background in Information Technology, Software Engineering, or Information System
Proficiency in English
10+ years experience in managing web project or product development
4+ years experience with people management and stakeholder management
Experience in handling an engineer team (direct or indirect) of 20+ members
Adaptability: Demonstrates the ability to adapt to large, complex, and frequent changes, ensuring the engineering organization can effectively respond to evolving market demands.
Inclusive Leadership: Advocates for diversity and inclusion within the organization, fostering an environment that values and leverages diverse perspectives.
Networking / Relationship Building (People management/ Stakeholder management): Strategically expands networks and builds strong relationships with stakeholders, both internal and external, to drive collaboration and achieve organizational goals.
Risk Management: Designs and implements strategies for effectively managing high-risk initiatives, ensuring that potential risks are identified and mitigated to minimize impact on project outcomes.
Strategic Thinking: Demonstrates the ability to think strategically and influences the direction of the organization, aligning engineering initiatives with the overall strategic goals of the company.
Nice To Have
Experience working at similar level in an IT firm, such as Department Manager, VP of Engineering / Head of Delivery / CTO
Holding professional certification in management, such as PMP, PgMP, CSM, PMI-ACP
Experience in managing/developing BtoB applications
Fluent in Japanese (N1/N2) is a big plus
Our benefits
Caring Mental & Physical Recreation
Hybrid working: 2 days at the office and 3 days WFH
Working hour: Flexible start 8AM-9AM from Mon-Fri
Full salary in probation
Insurance: Applied from Probation period:
Social Insurance, Health Insurance, Unemployment Insurance (on 100% salary)
Private health insurance & accident insurance. From Managing level: extra for family members
Bonus: 13th month salary
16 - 24 paid days off and more
Paternity leave: Extra 5 days
Annual company trip; Quarterly team building
Billiards & Running club
Annual health check
Well-equipped facility: Macbook pro, additional monitor,..
Caring Career & Development
Clear Career path
Foreign language & International technology-related certifications sponsoring
External & internal training courses
Soft-skill workshops
Tech seminars
Monthly and biannual Recognition Awards
Performance & salary review: twice/year (Jun & Dec)
Share on
Link copied!","Caring Mental & Physical Recreation
Hybrid working: 2 days at the office and 3 days WFH
Working hour: Flexible start 8AM-9AM from Mon-Fri
Full salary in probation
Insurance: Applied from Probation period:
Social Insurance, Health Insurance, Unemployment Insurance (on 100% salary)
Private health insurance & accident insurance. From Managing level: extra for family members
Bonus: 13th month salary
16 - 24 paid days off and more
Paternity leave: Extra 5 days
Annual company trip; Quarterly team building
Billiards & Running club
Annual health check
Well-equipped facility: Macbook pro, additional monitor,..
Caring Career & Development
Clear Career path
Foreign language & International technology-related certifications sponsoring
External & internal training courses
Soft-skill workshops
Tech seminars
Monthly and biannual Recognition Awards
Performance & salary review: twice/year (Jun & Dec)
Share on
Link copied!",linkedin
Chuyên Viên IT Support,VNDIRECT Securities Corporation,,"Hanoi, Hanoi, Vietnam",,,,,"['R', 'Active Directory', 'Firewall', 'VPN']",Full-time,Not Applicable,2026-06-15,,"Nơi làm việc
Hồ Chí Minh (Quận 1)
Cấp Bậc
Nhân viên
Hình Thức
Nhân viên chính thức
Kinh Nghiệm
1 - 3 Năm
Mức Lương
Lương thỏa thuận
Ngành nghề
CNTT - Phần cứng / Mạng
Hạn chót nhận hồ Sơ
30/06/2026
Phúc Lợi
Bảo hiểm
Du Lịch
Thưởng
Chăm sóc sức khỏe
Đào tạo
Tăng lương
Chế độ nghỉ phép
Mô tả công việc
Vận hành
Tiếp nhận và xử lý kịp thời các ticket hỗ trợ CNTT kịp thời : các lỗi liên quan đến máy tính, mạng máy tính, phần mềm, Email, VPN, các thiết bị ngoại vi (UPS, máy in, photocopy, máy Scan, máy chiếu,..), hệ thống tổng đài cloud - Stringee, thiết bị họp trực tuyến video conference, máy chấm công.
Quản trị vận hành hệ thống mạng Lan, VPN, firewall, wifi tại các Đơn vị khu vực Miền Nam đảm bảo hoạt động ổn định.
Quản trị vận hành hệ thống camera các Đơn vị khu vực Miền Nam.
Quản trị tài khoản người dùng trên AD (hỗ trợ unlock tài khoản/ reset mật khẩu/ phân quyền VPN).
Thiết kế, Triển khai
Tư vấn, xây dựng, đề xuất cấu hình máy tính phù hợp theo chuẩn định mức sử dụng theo từng cấp bậc.
Hỗ trợ, Tư vấn xây dựng hạ tầng mạng/thoại/camera cho các Đơn vị khu vực Miền Nam.
R&D
Viết tài liệu hướng dẫn cài đặt, sử dụng hệ thống, phần mềm NVBH và các phần mềm khác, đào tạo và hướng dẫn kỹ thuật cho người dùng cuối.
Tìm hiểu, nghiên cứu , làm tài liệu các ứng dụng công nghệ, kỹ thuật mới nhằm nâng cao tốc độ xử lý công việc.
Yêu cầu công việc
Trình độ học vấn/Chứng chỉ
Tốt nghiệp cao đẳng trở lên chuyên ngành máy tính.
Ưu tiên ứng viên có chứng chỉ CCNA hoặc MCSA (chứng nhận học tại trung tâm hoặc chứng chỉ quốc tế).
Kinh nghiệm làm việc
Có tối thiểu từ 01 - 03 năm kinh nghiệm hỗ trợ người dùng cho các công ty tập toàn lớn có nhân sự từ 100 user trở lên.
Kiến thức/Năng lực chuyên môn/Kỹ năng
Có kiến thức về hệ thống máy tính và mạng
Có kinh nghiệm xử lý, khắc phục các sự cố, hỗ trợ người dùng cuối.
Kiến thức về việc quản lý tài khoản người dùng, nhóm và quyền truy cập trên hệ thống Active Directory.
Kiến thức về cách thiết lập, cấu hình và quản lý mạng LAN/WAN, bao gồm định tuyến, chuyển mạch, và khắc phục sự cố mạng.
Cài đặt và cấu hình các thiết bị mạng như router, switch, access point, và firewall.
Hiểu biết về các giao thức mạng như TCP/IP, DNS, DHCP và VPN.
Năng lực cốt lõi
Có tố chất và tư duy phù hợp với hệ giá trị cốt lõi của công ty.
LỢI ÍCH VÀ QUYỀN LỢI
Cộng đồng những người làm nghề chính trực và dấn thân phụng sự
Môi trường làm nghề tài chính chuyên nghiệp.
Làm việc với tinh thần làm chủ, sáng tạo và thách thức.
Tổng thu nhập theo năng lực
Thu nhập xứng đáng theo năng lực và giá trị đóng góp.
Xem xét thay đổi thu nhập hàng năm.
Chế độ đãi ngộ
Tham gia BHXH, BHYT, BHTN theo đúng quy định luật lao động.
Được tham gia đóng bảo hiểm sức khỏe và bảo hiểm tai nạn 24/24.
Tổ chức học tập và văn hóa sôi nổi
Không gian làm việc mở với trang thiết bị hiện đại.
Các hoạt động văn hóa, gắn kết đội ngũ, thiện nguyện phong phú, ý nghĩa.
Job tags: Chuyên Viên IT Support",,linkedin
Nhân viên IT,"Phuong Nam Co., Ltd",,"Ho Chi Minh City, Ho Chi Minh City, Vietnam",,,,,"['PHP', 'CSS']",Full-time,Not Applicable,2026-03-23,,"Mô tả công việc
Phát triển các sản phẩm Website, ứng dụng công ty trên nền tảng PHP, ASP
Tối ưu các Website ( tốc độ load, giao diện,css..)
Nghiên cứu & áp dụng các công nghệ mới vào trong hệ thống dự án công ty
Thiết lập và quản lý các chiến dịch quảng cáo Facebook
Sử dụng các công cụ, phần mềm hỗ trợ marketing
Cao đẳng",,linkedin
Business Analyst (Healthcare Technology),Nexlab Technology,,Ho Chi Minh City Metropolitan Area,,,,,"['SQL', 'REST', 'AI', 'Jira', 'Confluence', 'Figma', 'API']",Full-time,Not Applicable,2026-06-17,,"Key Responsibilities
Business Analysis & Requirements Gathering
Analyze and assess business processes within hospitals, clinics, and HIS (Hospital Information System) modules, including Registration, Clinical Examination, Billing, Pharmacy, Laboratory, Health Insurance, and related functions.
Gather, clarify, and prioritize requirements from clients and stakeholders, including doctors, nurses, accountants, and hospital administrators.
Conduct gap analysis between current workflows and proposed technology solutions, recommending improvements tailored to healthcare operations.
Documentation & Requirement Specification
Prepare business analysis documents, including Business Requirement Documents (BRD), Software Requirement Specifications (SRS), User Stories, Use Cases, and Process Flow Diagrams.
Define business requirements for integrations between healthcare systems and external platforms such as patient applications, self-service kiosks, payment gateways, and AI systems.
Support the development of data dictionaries and document data structures and data flows for system development and integration purposes.
Stakeholder Management & Project Coordination
Act as the liaison between healthcare clients and the development team, ensuring business requirements are accurately understood and implemented.
Work closely with developers to clarify requirements throughout the design and development process.
Develop business test scenarios, support User Acceptance Testing (UAT), and participate in solution validation with clients.
Monitor project progress, manage change requests, and ensure alignment between project scope and implementation.
Requirements
Bachelor's Degree or Diploma in Information Technology, Healthcare, Healthcare Management, or related fields.
Practical experience and strong understanding of healthcare operations, including hospital/clinic workflows or Hospital Information Systems (HIS). This is a mandatory requirement for the role.
Good understanding of healthcare service workflows and health insurance (BHYT) reimbursement processes.
Strong analytical, logical thinking, and problem-solving skills.
Ability to create clear and structured business analysis documentation (BRD, SRS, User Stories, etc.).
Strong communication, interviewing, and presentation skills, with the ability to work effectively with both business users and technical teams.
Basic SQL querying skills and knowledge of system integration concepts (API/REST, JSON/XML) are advantageous.
Highly Preferred
Previous experience as a Business Analyst for healthcare technology products or projects such as HIS, EMR/EHR (Electronic Medical Records), telemedicine platforms, or patient applications.
Healthcare professionals (doctors, nurses, pharmacists, laboratory technicians, etc.) transitioning into technology-related roles.
Experience working with Health Insurance, Pharmacy, Billing, and Laboratory modules.
Knowledge of healthcare interoperability standards such as HL7 and FHIR.
Familiarity with process modeling and wireframing tools (BPMN, Figma, draw.io, etc.) and requirement management tools (Jira, Confluence, etc.).
Benefits
Competitive salary based on qualifications and experience.
Social insurance and statutory benefits in accordance with Vietnamese labor regulations.
Opportunity to work on digital transformation projects within the healthcare sector.
Professional, innovative, and collaborative working environment.
Career development opportunities in healthcare technology and business analysis.
Team-building activities, company events, and annual celebrations.
Location:
Hiep Binh Phuoc Ward, Thu Duc City, Ho Chi Minh City","Competitive salary based on qualifications and experience.
Social insurance and statutory benefits in accordance with Vietnamese labor regulations.
Opportunity to work on digital transformation projects within the healthcare sector.
Professional, innovative, and collaborative working environment.
Career development opportunities in healthcare technology and business analysis.
Team-building activities, company events, and annual celebrations.
Location:
Hiep Binh Phuoc Ward, Thu Duc City, Ho Chi Minh City",linkedin
IT Systems Engineer,Hallmark Cards Asia,,"Ho Chi Minh City, Vietnam",,,,,"['AWS', 'SQL', 'Windows Server', 'REST', 'Excel', 'SAP', 'ServiceNow', 'ITIL', 'VMware', 'Firewall', 'VPN', 'Security']",Full-time,Associate,2026-06-15,,"Job responsibilities:
Provide daily IT user support (local and remote) to restore service quickly and minimize downtime
Open and manage ServiceNow incident and request tickets
Manage user accounts and system access (Hallmark systems such as PLM, ERP, file servers)
Maintain and monitor network devices and internet links
Support system monitoring and tuning to ensure IT systems are stable to support business operation and meet US InfoSecurity Requirements
Coordinate with management to submit and track approved device purchases and fulfill additional IT equipment requirements
Engage vendors to request, evaluate, and compare quotations and service levels to ensure best value and meet with business needs
Prepare and manage master agreements, sales contracts, and relevant appendixes to ensure continuity, compliance, and cost control
Request and track payment processes
Maintain asset records to support asset management, audit readiness, and budgeting
Create and maintain user manuals
Prepare daily reports to facilitate business operations in procurement, accounting, and supplier management.
Deliver support and training during application deployment, user acceptance testing, and aid the creation of user manuals.
Implement business process automation initiatives, including reporting and system workflow optimization.
Requirements:
Degree/Higher Diploma holder in Computer Science / IT or related discipline
Over 5 years’ solid working experience in IT Infrastructure (e.g. Network, System, Storage, VM, Telecommunication, End-point devices) and End-user / HelpDesk support.
ITIL/MCSE/CCNA qualification is required
Experience in Datacenter Facilities and Operations / VMware virtualization / Data Backup and Disaster Recovery systems / Microsoft Windows Server & AD server administration and support is a definite advantage
AWS Associate Architect/PMP /CDCP/CISSP certifications are advantages
Good knowledge of switches, router and firewall support (Cisco / Checkpoint / SSL VPN Tunnel)
Good knowledge of network layer 2, layer 3 and routing protocol including TCP/IP, Ethernet and VLAN
Knowledge of SAP, Ariba and T-SQL, Power platform i.e. PowerBi, Power Automate, Power App
Excellent communication skills with all levels of user and vendor management
Good command in written and spoken English
Strong work ethic & responsibility, Problem-solving & analytical, Resilience & patience
Please apply with full resume and expected salary to People and Culture Department via email hr_vietnam@hallmark.com.",,linkedin
MB_Nhân Viên IT - Helpdesk & System,Biti's,,"Hanoi, Hanoi, Vietnam",,,,,[],Full-time,Not Applicable,2026-05-22,,"Position Responsibilities
I. TRÁCH NHIỆM CÔNG VIỆC CHÍNH
Duy trì đảm bảo hệ thống mạng và hệ thống máy chủ hoạt động liên tục, an toàn bảo mật và lưu trữ dữ liệu đầy đủ để hoạt động thông suốt và an ninh;
Tiếp nhận yêu cầu và xử lý các lỗi liên quan đến máy tính, mạng máy tính, phần mềm, camera, các thiết bị ngoại vi (máy in, photocopy, máy chấm công,..) của khối Văn phòng;
Hỗ trợ xử lý từ xa một số lỗi IT của hệ thống phòng ban, cửa hàng thông qua Teamviewer, Zalo,... hoặc đến xử lý trực tiếp (nếu có);
Lập kế hoạch và thực hiện trang cấp máy móc thiết bị, chuẩn bị và thực hiện các công tác hệ thống camera internet,… cho cửa hàng mới khai trương;
Quản lý máy móc thiết bị CNTT của khối văn phòng: lắp đặt/thu hồi/điều chuyển thiết bị cho nhân viên và kiểm kê tài sản. Lên kế hoạch, đề xuất bảo trì/bảo dưỡng/cải tiến nâng cấp thiết bị;
Thực hiện một số công việc khác theo yêu cầu của cấp trên.
II. YÊU CẦU CÔNG VIỆC
Trình độ
Tốt nghiệp Cao Đẳng trở lên chuyên ngành Công nghệ thông tin
Nam từ 22 đến 30 tuối
Kinh nghiệm
Ưu tiên ứng viên có kinh nghiệm Helpdesk & System
Chưa có kinh nghiệm sẽ được đào tạo
Kỹ năng
Hiểu về máy tính và hệ thống mạng kết nối
Kỹ năng giao tiếp tốt
Kỹ năng phân tích và xử lý vấn đề
Thái độ/Phẩm chất
Có tinh thần trách nhiệm
Nhanh nhẹn, trung thực
Ham học hỏi, cầu tiến
III. QUYỀN LỢI HẤP DẪN
Lương thỏa thuận và nhận đúng hạn;
Thưởng thâm niên, thưởng tháng 13;
Hỗ trợ tiền ăn tại nơi làm việc;
Chỗ ở nội trú cho các nhân sự ở xa
Xem xét tăng lương 1 lần/năm;
BHXH, BHYT, BHTN đầy đủ theo Luật;
Nghỉ phép thường niên, Lễ, Tết theo quy định;
Tham gia teambuilding, các hoạt động nội bộ và các hoạt động cộng đồng do công ty tổ chức;
Được đào tạo bài bản về các kiến thức, kỹ năng cho công việc & kỹ năng đời sống (sức khỏe, dinh dưỡng,...);
Cơ hội thăng tiến công bằng, không giới hạn phòng ban;
Làm việc với các nhân sự dày dặn kinh nghiệm trong ngành giày chỉ có ở thương hiệu Quốc dân “Biti's - Nâng niu bàn chân Việt”;
Có cơ hội tham gia học tập kỹ năng Happy Skill và trải nghiệm văn hóa hạnh phúc để hiểu hơn về chính mình, hiểu & kết nối với người khác, kết nối với thiên nhiên;
Môi trường làm việc được chia sẻ, được lắng nghe và được tôn trọng;
Được nhận Học bổng ""Nâng niu Tài năng Việt"" cho con em có thành tích học tập tốt.
Thời gian làm việc:
7h30 – 16h30, từ thứ 2 đến thứ 7.
Địa điểm làm việc:
Văn Phòng Chi Nhánh Miền Bắc - Lô CN1, cụm công nghiệp Yên Nghĩa, Phường Yên Nghĩa, TP Hà Nội, Việt Nam",,linkedin
IT Support (Junior),NSC Software - Vietnam's Premier Software Development & Consulting Company,,"Hưng Yên, Hung Yen, Vietnam",,,,,[],Full-time,Entry level,2026-06-14,,"Mô tả công việc:
Chúng tôi đang tìm kiếm một Nhân viên IT Support làm việc trực tiếp tại phòng máy tính phục vụ cho các kỳ thi tiếng Anh. Bạn sẽ chịu trách nhiệm hỗ trợ kỹ thuật tại chỗ để đảm bảo quá trình thi diễn ra suôn sẻ và không bị gián đoạn bởi các sự cố kỹ thuật.
Nhiệm vụ chính:
●    Chuẩn bị, lắp đặt và kiểm tra hệ thống máy tính, thiết bị âm thanh trước mỗi buổi thi.
●    Hỗ trợ kỹ thuật kịp thời trong quá trình thi, xử lý các sự cố về phần cứng/phần mềm.
●    Theo dõi hiệu suất hệ thống và đảm bảo truy cập an toàn vào nền tảng thi trực tuyến.
●    Phối hợp với giám thị và các bên liên quan để giải quyết nhanh chóng các sự cố phát sinh.
●    Đảm bảo toàn bộ thiết bị được tắt và bảo mật sau mỗi buổi thi.
Yêu cầu công việc:
●    Có kiến thức cơ bản đến trung cấp về hệ thống CNTT, mạng máy tính và kỹ năng xử lý sự cố.
●    Ưu tiên ứng viên có kinh nghiệm với hệ điều hành Windows và các nền tảng thi trực tuyến.
●    Có khả năng làm việc độc lập tại chỗ và phản ứng nhanh với các tình huống khẩn cấp.
●    Giao tiếp tiếng Anh cơ bản
Điều kiện làm việc và phúc lợi:
●    Làm việc 5 ngày/tuần (Có thể làm thứ Bảy, Chủ Nhật tùy lịch thi)
●    Thời gian làm việc: từ 8h30 - 17h30
●    Mức lương:
12,000,000vnd/ tháng
●    Ký hợp đồng lao động chính thức, đóng BHXH
●    Địa điểm làm việc:
Ecopark, Văn Giang, Hưng Yên
.
●    Môi trường làm việc chuyên nghiệp, thân thiện.
===========
Directly apply or contact incharged HR via
036 736 8988
(Zalo)",,linkedin
NEWDAY MEDIA TUYỂN DỤNG IT HELPDESK,Newday Media JSC,,"Hanoi, Hanoi, Vietnam",,,,,['Adobe'],Full-time,Not Applicable,2026-06-14,,"08/06/202609/06/2026 Newday Media JSC 353 lượt xem
About The Role
Newday Media đang tìm kiếm
IT Helpdesk
– người đóng vai trò quan trọng trong việc đảm bảo hệ thống công nghệ thông tin và trang thiết bị làm việc của công ty luôn vận hành ổn định, hiệu quả.
Bạn sẽ là đầu mối hỗ trợ CBNV xử lý các sự cố liên quan đến máy tính, phần mềm, mạng nội bộ và các thiết bị văn phòng; đồng thời tham gia quản lý, bảo trì và nâng cấp hạ tầng CNTT của công ty.
Đây là vị trí góp phần xây dựng môi trường làm việc hiện đại, thông suốt và đảm bảo hoạt động của các phòng ban không bị gián đoạn bởi các vấn đề kỹ thuật, mang đến trải nghiệm làm việc tốt nhất cho toàn thể nhân sự tại Newday Media.
Thông tin vị trí
Chức danh:
IT Helpdesk
Thời Gian Làm Việc
08:30 – 18:00, từ Thứ Hai đến Thứ Sáu (nghỉ trưa 1 giờ 30 phút)
Địa Điểm Làm Việc
80 Nguyễn Chí Thanh, Phường Láng, Hà Nội
Báo Cáo Trực Tiếp
Trưởng phòng Hành chính Nhân sự
Thu Nhập
15.000.000 – 18.000.000 VNĐ/tháng
Mô tả công việc
Quản trị hạ tầng mạng & thiết bị (Network & Hardware)
Vận hành và giám sát hệ thống mạng LAN, Wi-Fi, đảm bảo kết nối ổn định, tốc độ cao cho quy mô khoảng 60 nhân sự, đặc biệt đáp ứng nhu cầu truyền tải dữ liệu lớn của các bộ phận Design và Video.
Quản lý và vận hành hệ thống camera an ninh của công ty.
Tiếp nhận và xử lý các sự cố liên quan đến mạng nội bộ, máy tính, máy in và các thiết bị CNTT khác.
Thực hiện bảo trì, kiểm tra định kỳ và đề xuất nâng cấp thiết bị khi cần thiết.
Quản trị phần mềm & bản quyền (Software & Licenses)
Cài đặt, quản lý và duy trì hệ điều hành Windows bản quyền trên toàn bộ máy tính công ty.
Quản trị hệ thống phần mềm doanh nghiệp, bao gồm Microsoft 365 (Teams, SharePoint, Word Online…), Adobe Creative Cloud và các công cụ làm việc khác.
Kiểm tra định kỳ toàn bộ thiết bị nội bộ, đảm bảo tuân thủ tuyệt đối việc không cài đặt hoặc sử dụng phần mềm không bản quyền.
Theo dõi thời hạn sử dụng các dịch vụ phần mềm, tên miền, hosting; chủ động cảnh báo gia hạn trước từ 15–30 ngày và đề xuất phương án tối ưu chi phí.
Quản trị dữ liệu & hỗ trợ nhân sự (Data & HR Support)
Hỗ trợ quy trình Onboarding và Offboarding: cấp phát, thu hồi tài khoản; cài đặt máy tính cho nhân sự mới.
Thực hiện sao lưu, bàn giao và xóa dữ liệu an toàn đối với nhân sự nghỉ việc.
Thiết lập và vận hành hệ thống lưu trữ dùng chung (NAS/Server), quản lý phân quyền truy cập theo dự án và phòng ban.
Yêu cầu ứng viên
Kinh nghiệm
Tối thiểu 02 năm kinh nghiệm ở vị trí IT Helpdesk, IT Support hoặc các vị trí tương đương.
Trình độ học vấn
Tốt nghiệp Cao đẳng hoặc Đại học chuyên ngành Công nghệ Thông tin, Hệ thống Thông tin, Mạng máy tính hoặc các ngành liên quan.
Kỹ năng bắt buộc
Thành thạo cài đặt, cấu hình và xử lý sự cố máy tính, máy in và thiết bị văn phòng.
Có kiến thức cơ bản về hệ điều hành Windows, Microsoft 365, mạng LAN/WAN và Wi-Fi.
Có khả năng quản lý, kiểm kê và bảo trì thiết bị CNTT.
Kỹ năng tổ chức công việc khoa học, xử lý nhiều yêu cầu cùng lúc.
Giao tiếp tốt, hỗ trợ người dùng nhiệt tình và xử lý tình huống linh hoạt.
Tinh thần trách nhiệm cao, chủ động trong công việc.
Kỹ năng ưu tiên
Có kinh nghiệm quản trị hệ thống mạng nội bộ, camera giám sát và máy chấm công.
Có hiểu biết về bảo mật thông tin và an toàn dữ liệu.
Có kinh nghiệm làm việc với các phần mềm quản lý doanh nghiệp.
Chủ động nghiên cứu, cập nhật công nghệ mới.
Khả năng phối hợp hiệu quả với các phòng ban.
Phẩm chất cá nhân
Tác phong chuyên nghiệp, cẩn thận và chỉn chu.
Chủ động, linh hoạt và có tinh thần trách nhiệm cao.
Quyền lợi
Làm việc trong môi trường chuyên nghiệp, năng động và sáng tạo.
Xét tăng lương định kỳ hằng năm từ 5% – 20% dựa trên kết quả Performance Review.
Tham gia đầy đủ chế độ bảo hiểm theo quy định của pháp luật.
Hưởng gói bảo hiểm chăm sóc sức khỏe cá nhân khi gắn bó lâu dài.
Nghỉ phép năm, nghỉ lễ, Tết theo quy định.
Tham gia các chương trình du lịch, nghỉ mát của công ty.
Được hỗ trợ đào tạo, phát triển năng lực theo nguyện vọng cá nhân và lộ trình nghề nghiệp.
Tham gia đa dạng hoạt động nội bộ như company trip, tiệc liên hoan, tiệc mừng doanh số, tiệc vinh danh thành tích, sinh nhật và các hoạt động kết nối giữa các phòng ban.
Cách thức ứng tuyển
Vui Lòng Gửi CV Về
Email:
hr@newdaymedia.com.vn
Tiêu đề email:
[IT HELPDESK] – Họ và tên
Về Newday Media
5 lý do nhân sự gắn bó lâu dài tại Newday Media
Tài chính ổn định (Sustainable Income)
Với hơn 15 năm phát triển, Newday Media sở hữu hệ sinh thái dịch vụ gồm Event, Design, Production, Marketing và Video. Nền tảng tài chính vững mạnh giúp công ty duy trì sự tăng trưởng ổn định, minh bạch trong chế độ đãi ngộ và thanh toán đúng hạn ngay cả trong những giai đoạn thị trường biến động.
Nuôi dưỡng đam mê (Nurturing Your Passion)
Newday là môi trường đào tạo và phát triển nhân tài, nơi những người trẻ được trao cơ hội để học hỏi, thử thách bản thân và theo đuổi đam mê sáng tạo.
Dự án quy mô lớn (Large Scale Projects)
Nhân sự tại Newday có cơ hội tham gia các dự án quy mô quốc gia và quốc tế, phục vụ hàng vạn khán giả và hàng nghìn diễn viên.
Đồng đội tài năng (Talented Colleagues)
Bạn sẽ được làm việc cùng những chuyên gia giàu kinh nghiệm, có năng lực chuyên môn cao và tinh thần chinh phục thử thách.
Cơ hội phát triển (Advancement Opportunities)
Newday phát triển với tốc độ nhanh, liên tục mở rộng quy mô, thị trường và lĩnh vực hoạt động, mang đến nhiều cơ hội thăng tiến và phát triển nghề nghiệp.
5 lý do khách hàng lựa chọn Newday Media
Sáng tạo đột phá (Innovation First)
Mỗi dự án tại Newday đều được phát triển với tư duy sáng tạo riêng biệt, không đi theo lối mòn và luôn hướng tới những ý tưởng khác biệt.
Chất lượng hàng đầu (High Standard)
Newday luôn đặt tiêu chuẩn chất lượng ở mức cao nhất, chú trọng từng chi tiết trong mọi sản phẩm và dịch vụ.
Tốc độ thần tốc (Lightning Speed)
Khả năng xử lý công việc nhanh chóng, linh hoạt và hiệu quả là một trong những giá trị cốt lõi của đội ngũ Newday.
Thấu hiểu khách hàng (Understanding)
Newday luôn nghiên cứu sâu, lắng nghe và đồng hành cùng khách hàng để tạo ra những giải pháp phù hợp nhất.
Lan tỏa giá trị (Influence Beyond Borders)
Mỗi dự án không chỉ phục vụ mục tiêu thương hiệu mà còn hướng tới việc tạo ra giá trị tích cực cho cộng đồng.
Tầm nhìn (Vision)
Trở thành Top 3 tổ hợp Truyền thông – Sự kiện – Giải trí sáng tạo hàng đầu Việt Nam, sánh ngang các tập đoàn truyền thông lớn trong khu vực.
Không chỉ dẫn đầu về năng lực tổ chức sự kiện chuyên nghiệp theo tiêu chuẩn quốc tế, Newday Media còn tiên phong mang những giá trị văn hóa Việt Nam ra thế giới thông qua các sản phẩm sáng tạo giàu bản sắc.
Sứ mệnh (Mission)
Bằng trí tuệ, sức sáng tạo, niềm đam mê cống hiến và sự kiên định với các giá trị văn hóa Việt, Newday Media đồng hành cùng các thương hiệu để kiến tạo những trải nghiệm truyền thông và sự kiện khác biệt, hiệu quả và giàu cảm xúc.
Hơn cả hiệu quả kinh doanh, Newday mang trong mình sứ mệnh góp phần xây dựng những giá trị văn hóa bền vững, để mỗi dự án truyền thông và sự kiện được tạo ra đều trở thành một phần của di sản văn hóa Việt Nam đương đại.
Bình luận của bạn
Nhấp chuột vào đây để hủy trả lời.",,linkedin
Trợ lý & Chuyên viên nghiên cứu,CI Research,,"District 5, Ho Chi Minh City, Vietnam",,,,,['Excel'],Full-time,Not Applicable,2026-03-23,,"Tổng quan về vị trí:
Vị trí Trợ lí/Chuyên viên nghiên cứu chịu trách nhiệm hỗ trợ nhóm nghiên cứu trong việc thiết kế, thực hiện, và cung cấp các dự án nghiên cứu
Báo cáo công việc cho:
Chuyên viên nghiên cứu cấp cao/ Quản lí nghiên cứu
Mô Tả Công Việc
Hỗ trợ nhà Quản lí dự án thực hiện các nhiệm vụ được yêu cầu cho tất cả các dự án nói chung và quản lí các dự án có quy mô nhỏ. Các nhiệm vụ chính bao gồm:
Thiết kế bảng câu hỏi tuyển đáp viên/ bảng câu hỏi sàng lọc và bảng câu câu hỏi chính tiêu chuẩn.
Định dạng và dịch bảng câu hỏi từ tiếng Việt sang tiếng Anh và ngược lại.
Chuẩn bị showcards/ photo cards/bảng ý tưởng…
Thiết lập quota cho các dự án.
Phối hợp với đội ngũ vận hành để thực hiện dự án.
Chuẩn bị các ghi chú tóm tắt và tài liệu đào tạo thực địa.
Thiết kế code frame cho các câu hỏi OE.
Dịch code frame và nguyên văn từ tiếng Việt sang tiếng Anh và ngược lại.
Thiết lập dự án và giám sát thực địa (Fieldwork (FW))
Tiến hành giao ban quản lí cho các dự án tiêu chuẩn.
Tham dự các buổi briefing của phỏng vấn viên.
Theo dõi tiến độ FW.
Quan sát phỏng vấn mẫu/ kiểm tra FW.
Trao đổi với người giám sát thực hiện về các vấn đề xảy ra.
Hỗ trợ nhà Quản lí dự án:
Tính toán hệ số trọng lượng và chuẩn bị tabspec cho bộ phận xử lí dữ liệu (DP).
Phân tích dữ liệu: vẽ biểu đồ và định dạng bảng dữ liệu.
Chuẩn bị các báo cáo tóm tắt ý chính của dự án và đưa ra bình luận chính.
Kinh Nghiệm
Yêu cầu công việc:
Có kinh nghiệm làm việc tại công ty nghiên cứu thị trường là 1 ưu tiên
Có ít nhất 6 tháng – 1 năm kinh nghiệm làm việc trong lĩnh vực nghiên cứu thị trường (đối với Trợ lý nghiên cứu)
Có ít nhất 1-2 năm kinh nghiệm làm việc trong lĩnh vực nghiên cứu thị trường (đối với Chuyên viên nghiên cứu)
Trình Độ Chuyên Môn
Tốt nghiệp BA/MA các chuyên ngành về Kinh tế, Marketing, Quản trị kinh doanh, Thương mại điện tử, Tài chính, Tâm lý hoặc Xã hội học
Ưu tiên cho các ứng viên tốt nghiệp đại học/ trên đại học của các trường đại học quốc tế tại Việt Nam hoặc ở nước ngoài
Kĩ Năng
Tiếng Anh: thành thạo 4 kĩ năng (nghe, nói đọc, viết)
Tin học văn phòng: Word, Excel, Power point, SPSS (ưu tiên)
Có tinh thần đồng đội, làm việc nhóm tốt, và thái độ luôn sẵn sàng làm việc
Tính Cách
Năng động, nhanh nhẹn
Giao tiếp tốt (hoạt bát, không ngại tiếp xúc với người lạ)
Có khả năng thích ứng với áp lực công việc cao
Có tính nhẫn nại và cẩn thận
Có óc quan sát và phân tích dữ liệu tốt
Có đam mê học hỏi những điều mới
Quyền Lợi
Môi trường làm việc chuyên nghiệp, thân thiện, có nhiều cơ hội thăng tiến
Được cung cấp laptop cá nhân
Có Bảo hiểm sức khoẻ PVI /Bảo Việt & Bảo hiểm y tế
Mức lương: Thỏa thuận (tuỳ thuộc vào từng vị trí)
Được làm việc với nhiều khách hàng lớn trong nước và quốc tế
Đi ăn ngoài 2 lần/tháng và company trip 2 lần/năm
Thưởng tháng 13 và bonus
Ngày phép còn dư trong năm sẽ được thanh toán vào cuối năm.
Thời Gian Làm Việc
Thứ 2 đến Thứ 6: 9h – 18h (nghỉ trưa 12h – 13h)
Thứ 7: 10h – 12h (làm việc tại nhà)
Ứng Tuyển
Mọi ứng tuyển vui lòng gửi hồ sơ đến: info@ciresearch.com.vn
Hoặc ứng viên có thể nộp hồ sơ trực tiếp tại công ty.",,linkedin
Nhân viên IT,Công Ty TNHH Artist,,"Hai Duong, Hai Duong, Vietnam",,,,,[],Full-time,Not Applicable,2026-04-22,,"Mô tả công việc
Cài đặt phần mềm, OS, hỗ trợ xử lý các vấn đề liên quan đến thiết bị văn phòng trong công ty;
Hỗ trợ và quản trị server window.
Hỗ trợ bảo dưỡng máy tính, máy in, thiết bị IT;
Biết đổ mực và sửa máy in.
Làm các công việc theo chỉ thị cấp trên;
Đại học",,linkedin
Deputy Chief Executive Officer – Infrastructure Division,VinSmart Future,,"Hanoi, Hanoi, Vietnam",,,,10.0,"['Scala', 'Kubernetes', 'REST', 'Machine Learning', 'AI', 'Excel', 'Networking', 'Security', 'Cybersecurity']",Full-time,Executive,2026-06-14,,"Position Purpose
The Deputy CEO – Infrastructure Division is responsible for defining the strategy, governance, and operations of the organization's entire technology infrastructure landscape, including Data Centers, Cloud/Multi-Cloud environments, and GPU Computing Platforms supporting AI/ML workloads. The role ensures infrastructure availability, security, operational excellence, scalability, and alignment with business growth objectives.
Key Responsibilities
1. Data Center Infrastructure Management
Define and execute the strategy for Data Center modernization and infrastructure development.
Oversee servers, storage, networking, virtualization, and shared infrastructure platforms.
Ensure high availability, scalability, resilience, and service continuity.
Manage capacity planning, infrastructure expansion, and resource optimization.
2. Cloud & Multi-Cloud Platform Management
Develop and implement Cloud, Hybrid Cloud, and Multi-Cloud strategies.
Lead operations of Cloud platforms, Kubernetes environments, and shared infrastructure services.
Ensure security, governance, compliance, and cost optimization across cloud environments.
Drive Infrastructure as Code (IaC), automation, and Platform Engineering initiatives.
3. GPU Infrastructure & AI Platform Management
Build and operate GPU infrastructure supporting AI, Machine Learning, and Generative AI workloads.
Manage GPU resource allocation, utilization optimization, and performance monitoring.
Establish governance policies for AI computing resources, including sharing and consumption models.
Maximize infrastructure efficiency while optimizing investment and operational costs.
4. Reliability, Security & Resilience
Own infrastructure SLA, SLO, reliability, and performance targets.
Establish monitoring, alerting, incident response, disaster recovery, and service restoration capabilities.
Ensure compliance with cybersecurity, risk management, regulatory, and governance requirements.
Develop Cyber Resilience and Business Continuity capabilities across infrastructure platforms.
5. Financial & Vendor Management
Develop infrastructure investment strategies, budgets, and long-term roadmaps.
Manage CAPEX and OPEX for Data Centers, Cloud Platforms, and GPU Infrastructure.
Oversee strategic technology vendors, service providers, and contract management.
Drive cost efficiency and maximize infrastructure utilization.
6. Leadership & Organizational Development
Design and evolve the operating model for infrastructure and platform engineering functions.
Lead Data Center Operations, Cloud Operations, Platform Engineering, and GPU Operations teams.
Build organizational capabilities, operational processes, and a culture of engineering excellence.
Contribute to enterprise technology strategy and digital transformation initiatives.
Qualifications & Experience
Minimum 10 years of experience in IT Infrastructure, Cloud, Data Center, or related technology domains.
At least 5 years of leadership experience in senior management positions.
Proven experience managing large-scale Hybrid Cloud or Multi-Cloud environments.
Strong expertise in Data Center technologies, Compute, Storage, Networking, Virtualization, and Kubernetes.
Experience building or operating GPU Infrastructure and AI Platforms is highly preferred.
Solid understanding of Cloud Governance, FinOps, Cybersecurity, Disaster Recovery, and Business Continuity.
Demonstrated leadership, financial management, risk management, and vendor management capabilities.
Key Performance Indicators (KPIs)
Achievement of infrastructure and platform SLA/SLO targets.
Availability and reliability of Data Center, Cloud, and GPU Platforms.
Infrastructure cost optimization (CAPEX/OPEX).
Cloud and GPU resource utilization efficiency.
Compliance with security, governance, and risk management requirements.
Internal customer satisfaction across technology service users.
Note: By submitting your application, you confirm that you have read and agreed to Vingroup’s Personal Data Protection Policy published at https://lnkd.in/gYEdaFHb, and consent to the processing of your personal data in accordance with applicable laws. Please register an account and select “Agree” to proceed.",,linkedin
JOB VACANCY @ CFVG: IT/IS Project Manager,French Vietnamese School of Management (CFVG),,Ho Chi Minh City Metropolitan Area,,,,,['REST'],Full-time,Not Applicable,2026-03-23,,"25/01/2019
CFVG is among the leading institution in management education in Vietnam. We are currently planning for future growth and we are seeking to hire an organized and efficient IT professional to help us plan and implement projects of IT and IS infrastructure development.
CFVG is among the leading institution in management education in Vietnam. We are currently planning for future growth and we are seeking to hire an organized and efficient IT professional to help us plan and implement projects of IT and IS infrastructure development. The core elements of the job are planning, executing, monitoring and controlling information technology projects (E-school, CRM, e-learning…) for CFVG.
Duties And Responsibilities
Developing IT project plans, goals, and budgets; identifying resources needed
Preparing requests for proposals and conducting all necessary meetings to facilitate selection of IT project services and products
Planning and overseeing the preparation and dissemination of IT project communications.
Organizing and managing all phases of the IT project to ensure on-time completion
Manage basic project phases, coordinate and drive communication, facilitate decisions, and follow through on the execution of projects.
Assembling and coordinating project team members; assigning individual responsibilities
Keep organization leader and members informed of progress and changes through written or verbal communication and minimize our exposure of risks on a project.
Identify and manage project risks
Developing schedules and methods for measuring results
Qualifications
Strong background of information technology, information system. Solid technical background with understanding or hands-on experience in software development and web technologies.
Knowledge of open-source learning management system (LMS), e-learning system, online teaching and learning system is preferred
Project Management and communication skills, proven working experience as a project administrator in the information technology sector
Ability to assess problems and solve them with a keen sense of urgency.
Analytical and creative thinker.
Education And/or Experience
Bachelors in Computer , information technology, information Systems
Knowledge of Engineering, Program Management preferred
3 to 5 years work experience in the IT project management
English written and verbal communication skills
Application close date: Feb 28 2019.
Interested candidates should send a CV/Resume and an motivation letter to tvnhu@cfvg.org.
Only qualified candidates are shortlisted for interviews.
Duties And Responsibilities:
Developing IT project plans, goals, and budgets; identifying resources needed
Preparing requests for proposals and conducting all necessary meetings to facilitate selection of IT project services and products
Planning and overseeing the preparation and dissemination of IT project communications.
Organizing and managing all phases of the IT project to ensure on-time completion
Manage basic project phases, coordinate and drive communication, facilitate decisions, and follow through on the execution of projects.
Assembling and coordinating project team members; assigning individual responsibilities
Keep organization leader and members informed of progress and changes through written or verbal communication and minimize our exposure of risks on a project.
Identify and manage project risks
Developing schedules and methods for measuring results
Qualifications:
Strong background of information technology, information system. Solid technical background with understanding or hands-on experience in software development and web technologies.
Knowledge of open-source learning management system (LMS), e-learning system, online teaching and learning system is preferred
Project Management and communication skills, proven working experience as a project administrator in the information technology sector
Ability to assess problems and solve them with a keen sense of urgency.
Analytical and creative thinker.
Education And/or Experience:
Bachelors in Computer , information technology, information Systems
Knowledge of Engineering, Program Management preferred
3 to 5 years work experience in the IT project management
English written and verbal communication skills
"">
CFVG is among the leading institution in management education in Vietnam. We are currently planning for future growth and we are seeking to hire an organized and efficient IT professional to help us plan and implement projects of IT and IS infrastructure development. The core elements of the job are planning, executing, monitoring and controlling information technology projects (E-school, CRM, e-learning…) for CFVG.
Duties And Responsibilities
Developing IT project plans, goals, and budgets; identifying resources needed
Preparing requests for proposals and conducting all necessary meetings to facilitate selection of IT project services and products
Planning and overseeing the preparation and dissemination of IT project communications.
Organizing and managing all phases of the IT project to ensure on-time completion
Manage basic project phases, coordinate and drive communication, facilitate decisions, and follow through on the execution of projects.
Assembling and coordinating project team members; assigning individual responsibilities
Keep organization leader and members informed of progress and changes through written or verbal communication and minimize our exposure of risks on a project.
Identify and manage project risks
Developing schedules and methods for measuring results
Qualifications
Strong background of information technology, information system. Solid technical background with understanding or hands-on experience in software development and web technologies.
Knowledge of open-source learning management system (LMS), e-learning system, online teaching and learning system is preferred
Project Management and communication skills, proven working experience as a project administrator in the information technology sector
Ability to assess problems and solve them with a keen sense of urgency.
Analytical and creative thinker.
Education And/or Experience
Bachelors in Computer , information technology, information Systems
Knowledge of Engineering, Program Management preferred
3 to 5 years work experience in the IT project management
English written and verbal communication skills
Application close date: Feb 28 2019.
Interested candidates should send a CV/Resume and an motivation letter to tvnhu@cfvg.org.
Only qualified candidates are shortlisted for interviews.
Education And/or Experience:
Bachelors in Computer , information technology, information Systems
Knowledge of Engineering, Program Management preferred
3 to 5 years work experience in the IT project management
English written and verbal communication skills
Other News
» JOB VACANCY: Investment Associate at Bluewave Advisory Company Ltd. 22/06/2018
» JOB VACANCY: Investment Analyst at Bluewave Advisory Company Ltd. 22/06/2018
» JOB VACANCY AT VIET ENGINEERING CO. LTD. 01/03/2018",,linkedin
JUNIOR DATA ANALYST,Vexere.com - Vietnam’s #1 Transportation Booking Platform (Bus | Flight | Train | Bike Car Rental)),,Ho Chi Minh City Metropolitan Area,,,,1.0,"['SQL', 'PostgreSQL', 'AI', 'Power BI', 'Tableau']",Full-time,Not Applicable,2026-06-15,,"DATA ANALYST
About Vexere
Vexere is Vietnam’s leading technology company in travel and transportation, and the largest online bus ticketing platform with over 2,000 transport partners and 3,000+ domestic and international routes. Beyond buses, we’ve expanded to airlines, trains, and vehicle rentals—making it easier for millions of travelers to search, compare, and book tickets with convenience and transparency.
Our Culture & Vision
At Vexere, we believe businesses exist to solve real societal challenges. Our culture is built on community, openness, and mutual support, where every team member is encouraged to share ideas, shape strategies, and grow into future leaders. We foster a learning-driven environment and leverage cutting-edge technology and AI to continuously innovate—not only transforming the way people travel, but also redefining how businesses operate across Southeast Asia.
Why Join Our BI Team?
As part of Vexere’s BI (Business Intelligence) team, you will work in a high-tech environment powered by Google Cloud, with access to one of the largest data lakes in Vietnam. You’ll analyze data from
30M+ users
and millions of daily transactions, turning raw numbers into powerful insights that shape product innovation and business direction. This is a golden opportunity to grow your analytical skills while making a direct impact on how millions of people travel every day.
About The Role
As a
Junior Data Analyst
at Vexere, you will transform raw data into clear, actionable insights that guide day-to-day business decisions. You’ll collaborate with senior analysts and cross-functional teams to collect and clean data, explore trends, and design dashboards that highlight key performance metrics. Your curiosity, problem-solving mindset, and willingness to learn will help ensure every stakeholder has the insights they need to move the company forward.
Job Description
Collaborate with cross-functional teams to understand business requirements and translate them into data-driven solutions
Prepare data collection plans, clean and organize data to ensure accuracy and consistency
Support senior analysts in conducting data analysis to uncover trends and insights
Utilize BI tools (Looker Studio, Tableau, Power BI) to create dashboards and reports to monitor business performance and produce actionable insights in terms of product capabilities and business direction
Learn and apply best practices in data visualization, reporting, and problem-solving
Requirements
Around 1 year of experience in data analysis. Talented freshers with less than one-year working experience are warmly welcomed
Non-stop curiosity and hunger for learning
Familiarity with visualization tools (Data Studio, Tableau, Power BI, etc)
Strong knowledge of SQL (Bigquery, Microsoft SQL Server, Postgresql, etc.)
Strong analytical skills with the ability to collect, organize, analyze, and disseminate significant amounts of information with attention to detail and accuracy
Proficiency in queries, report writing and presenting findings
Analytical mind with a problem-solving aptitude
Teamwork spirit and proactive mindset
BSc/BA in Computer Science, Engineering, Mathematics, Economics, Information Management or Statistics or related profession is greatly appreciated
Benefits
At Vexere, we look for “right people”—those with logical thinking, a positive and consistent mindset, curiosity for new things, active listening, humility, and a strong sense of responsibility. Alongside this, we strive to continuously enhance the quality of life for our team with the following benefits:
Compensation
Competitive salary based on capabilities + Quarterly KPI performance bonus.
Salary review twice a year.
Clear promotion path aligned with your strengths, with opportunities to move into key positions.
Other Benefits
Full participation in social, health, and unemployment insurance as per regulations; official contract after probation.
12 annual leave days/year; +1 additional day every 3 years; leave can be carried over for 2 years or converted to cash.
Annual general health check.
Discounted bus ticket policy for employees.
Personal loan and salary advance policy.
Sick leave, maternity, and bereavement policies.
Employee referral bonus.
Personal development training allowance: up to 18 million VND/year.
Working Hours
Hybrid working model (flexible between office and home).
Working hours: 8:30 AM – 6:00 PM, Monday to Friday + Saturday mornings.
Team Activities
Access to company sports clubs.
Monthly team-building activity budget.
Company trips, team building events, year-end parties.
A youthful, dynamic office culture: a healthy, open, and supportive working environment with passionate young professionals.
Learn more about us: Review về Vexere
For More Information, Please Contact Us Via
For more information, please contact our HR Department:
Email: careers@vexere.com
Phone/Zalo: 0966 197 741 (Nhật Anh)
Workplace: CirCO Hoang Dieu – H3 Building, 384 Hoang Dieu, Khanh Hoi Ward, HCMC (District 4)
Follow
Vexere Careers
to stay updated on job openings and more exciting news.","At Vexere, we look for “right people”—those with logical thinking, a positive and consistent mindset, curiosity for new things, active listening, humility, and a strong sense of responsibility. Alongside this, we strive to continuously enhance the quality of life for our team with the following benefits:
Compensation
Competitive salary based on capabilities + Quarterly KPI performance bonus.
Salary review twice a year.
Clear promotion path aligned with your strengths, with opportunities to move into key positions.
Other Benefits
Full participation in social, health, and unemployment insurance as per regulations; official contract after probation.
12 annual leave days/year; +1 additional day every 3 years; leave can be carried over for 2 years or converted to cash.
Annual general health check.
Discounted bus ticket policy for employees.
Personal loan and salary advance policy.
Sick leave, maternity, and bereavement policies.
Employee referral bonus.
Personal development training allowan...",linkedin
Nhân viên IT,FUSION Marketing,,"Dong Thap, Vietnam",,,,,[],Full-time,Not Applicable,2026-04-22,,"Mô tả công việc
Bảo trì hệ thống mạng máy tính và các thiết bị theo định kỳ, đảm bảo tình trạng hệ thống kết nối mạng được ổn định.
Phát hiện, xử lý các sự cố máy tính, sever khi có trục trặc xảy ra
Đào tạo sử dụng người dùng khi có yêu cầu của các phòng ban chức năng.
Chịu trách nhiệm chính về bảo mật mọi dữ liệu thông tin trong hệ thống mạng của công ty.
Phân quyền truy cập cho các máy theo yêu cầu của người có thẩm quyền.
Thiết kề website.
Thiết kế đồ họa
Chi tiết công việc sẽ trao đổi trong buổi phỏng vấn.
Cao đẳng",,linkedin
Data Center Technician - Vietnam - Ho Chi Minh - On-site,Reboot Monkey,,"Xã Thái Mỹ, Ho Chi Minh City, Vietnam",,,,,"['Excel', 'ITIL', 'Security']",Other,Entry level,2026-03-23,,"About The Role
Join our team as a
Data Center Technician
in
Ho Chi Minh, Vietnam
. This is a full-time, on-site position where you'll support critical infrastructure at world-class data center facilities.
Compensation & Benefits
₫285,000,000-405,000,000/year
(VND annual)
Comprehensive benefits package including:
Health, dental, and vision insurance
Paid time off and holidays
Professional development allowance
Certification sponsorship
Work Schedule
Full-time permanent position
Standard business hours with on-call rotation
Shift differentials for nights/weekends when applicable
Key Responsibilities
Install, configure, and maintain server and network equipment
Perform structured cabling (copper and fiber optic)
Execute hardware deployments and decommissions
Monitor environmental systems (power, cooling, security)
Respond to incidents and perform troubleshooting
Maintain accurate documentation and asset tracking
Collaborate with engineering and operations teams
Participate in capacity planning and upgrades
3+ years data center operations experience
Expert cabling skills (Cat6/6a, OM3/OM4/OS2 fiber)
Strong troubleshooting and problem-solving abilities
Experience with rack and stack operations
Understanding of power distribution and UPS systems
Excellent documentation and communication skills
Ability to lift 50+ lbs and work in demanding environments
Data center certifications (CDCP, CDCS, CDCE) - preferred
Vendor certifications (Dell, HPE, Cisco) - preferred
Network certifications (CCNA, JNCIA) - preferred
Experience with DCIM platforms - preferred
Knowledge of ITIL practices - preferred","₫285,000,000-405,000,000/year
(VND annual)
Comprehensive benefits package including:
Health, dental, and vision insurance
Paid time off and holidays
Professional development allowance
Certification sponsorship
Work Schedule
Full-time permanent position
Standard business hours with on-call rotation
Shift differentials for nights/weekends when applicable
Key Responsibilities
Install, configure, and maintain server and network equipment
Perform structured cabling (copper and fiber optic)
Execute hardware deployments and decommissions
Monitor environmental systems (power, cooling, security)
Respond to incidents and perform troubleshooting
Maintain accurate documentation and asset tracking
Collaborate with engineering and operations teams
Participate in capacity planning and upgrades
3+ years data center operations experience
Expert cabling skills (Cat6/6a, OM3/OM4/OS2 fiber)
Strong troubleshooting and problem-solving abilities
Experience with rack and stack operations
Understanding of powe...",linkedin
Senior Information Technology Manager,UNIBEN – Foods & Beverages Company,,"Ho Chi Minh City, Vietnam",,,,10.0,"['AI', 'Power BI', 'SAP', 'Security']",Full-time,Mid-Senior level,2026-06-19,,"KEY RESPONSIBILITIES
1. ERP System Implementation & Management
Manage and operate SAP S/4HANA, ensuring full integration of core business processes across the organization.
Ensure the ERP system delivers accurate and timely reporting to support management decision-making.
Oversee Master Data management: maintain data quality and integrity across the entire ERP system.
Perform other ERP-related tasks as directed by Management and in accordance with Uniben's internal policies.
2. Non-ERP System Implementation & Management
Deploy and manage all Non-ERP application systems across the organization.
Manage and develop the Power BI reporting system.
Oversee IT policies and processes, including facilities, devices, network, storage/server infrastructure, and external vendor relationships.
Ensure the security and safety of all IT systems company-wide.
Provide technical support and monitor compliance with IT security policies.
Perform other Non-ERP-related tasks as directed by Management and in accordance with Uniben's internal policies.
3. Application Development
Lead the digitalization and transformation of business operations through application development.
Design and develop internal applications or custom solutions as requested by business units to improve operational efficiency.
Perform other application development tasks as directed by Management and in accordance with Uniben's internal policies.
4. Other Responsibilities
Perform other IT-related functions and duties in accordance with Uniben's internal policies and Management's direction.
REQUIREMENTS
Education
Bachelor's degree or above in Information Technology, Computer Science, Software Engineering, or a related field.
Experience
10+ years of experience in enterprise IT, with at least 2–3 years in a managerial role.
Hands-on experience in SAP S/4HANA implementation and operations
(required)
.
Experience with Power BI, data warehouse, and ETL pipelines.
Background in internal application development and IT infrastructure management is a plus.
Knowledgeable in AI trends and emerging technologies, with the ability to apply them in real-world IT operations.
Skills & Competencies
Strategic IT mindset with the ability to align technology initiatives with business objectives.
Strong team management, project planning, and execution skills.
In-depth knowledge of information security, data governance, and IT policy compliance.
Ability to analyze data and present reports clearly to senior leadership.
Proficient in English across all four skills.",,linkedin
"Customer Service Expert (Remote within APAC region, Contract)",INFUSE,,"Nha Trang, Khanh Hoa, Vietnam",,,,,"['Scala', 'REST', 'Machine Learning', 'Security']",Full-time,Mid-Senior level,2026-06-19,,"OUR HIRING PROCESS:
We will review your application against our job requirements. We do not employ machine learning technologies during this phase as we believe every human deserves attention from another human. We do not think machines can evaluate your application quite like our seasoned recruiting professionals—every person is unique. We promise to give your candidacy a fair and detailed assessment.
We may then invite you to submit a video interview for the review of the hiring manager. This video interview is often followed by a test or short project that allows us to determine whether you will be a good fit for the team.
At this point, we will invite you to interview with our hiring manager and/or the interview team. Please note: We do not conduct interviews via text message, Telegram, etc. and we never hire anyone into our organization without having met you face-to-face (or via Zoom). You will be invited to come to a live meeting or Zoom, where you will meet our INFUSE team.
From there on, it’s decision time! If you are still excited to join INFUSE and we like you as much, we will have a conversation about your offer. We do not make offers without giving you the opportunity to speak with us live.
INFUSE is committed to complying with applicable data privacy and security laws and regulations. For more information, please see our Privacy Policy
INFUSE
is a demand generation company providing solutions to B2B organizations. We help clients and partners to deliver audience, buyers, and account engagement that meets their goals. With a global team operating across more than 60 countries, the company has been recognized multiple times on the prestigious Inc. 5000 list, and has received over 60 other industry awards, including Inc. Best Workplaces.
Are you driven by the desire to deliver exceptional client experiences and thrive in a dynamic environment? At INFUSE, we're seeking a passionate Client Success Specialist to join our team, where your efforts directly contribute to our clients' satisfaction and our company's success. This position offers an enriching path to professional growth and the unique opportunity to work with a variety of industries, ensuring no two days are the same. INFUSE has built a reputation as a beloved employer by prioritizing employee satisfaction and creating a workplace where everyone feels valued and connected. Joining our team means becoming part of a supportive community that celebrates every success and encourages continuous improvement. You'll discover how our employees love their jobs, driven by the meaningful connections they make and the positive impact they have on our clients' businesses.
Key Responsibilities
Build and maintain strong, long-lasting client relationships
Ensure the timely and successful delivery of our solutions according to client needs and objectives
Communicate clearly the progress of monthly/quarterly initiatives to internal and external stakeholders
Identify and grow opportunities within the territory and collaborate with sales teams to ensure growth attainment
Assist with challenging client requests or issue escalations as needed
Provide assistance across a variety of administrative and operational tasks, such as data entry, updating internal systems, or managing schedules.
Requirements
Proven track record of managing client relationships, preferably in a related field such as hospitality, client success, or sales
Strong communication and interpersonal skills
Can handle various tasks with attention to detail, managing priorities effectively in a fast-paced environment.
Empathetic understanding of client needs and the ability to address them effectively
Ability to address challenges and proactively offer solutions.
If you're passionate about building meaningful relationships and delivering top-notch client experiences, we'd love to hear from you. Apply now to embark on a rewarding career journey with INFUSE, where your ambitions and contributions are recognized and valued. Don't miss your chance to be part of a team that genuinely enjoys making a difference. Submit your application today!
We are an Equal Opportunity Employer. We make hiring decisions based on qualifications, merit, and business needs. We do not discriminate on the basis of race, color, religion, sex (including pregnancy, sexual orientation, and gender identity), national origin, age, disability, genetic information, or any other characteristic protected under applicable law. We welcome applicants from all backgrounds and believe that diversity of experience, culture, and perspective makes us stronger.",,linkedin
System Administrator,NetNam Corporation,,Hanoi Capital Region,,,,,"['Python', 'PHP', 'Docker', 'Kubernetes', 'Azure', 'Terraform', 'Ansible', 'Git', 'DevOps', 'Linux', 'Windows Server', 'API', 'ITIL', 'Hyper-V']",Full-time,Mid-Senior level,2026-06-20,,"Mô tả công việc:
1. Mục tiêu vị trí
Tham gia vận hành, giám sát, tối ưu và phát triển các hệ thống hạ tầng CNTT, dịch vụ nội bộ và dịch vụ khách hàng của công ty.
Đảm bảo hệ thống hoạt động ổn định, an toàn và đáp ứng SLA.
2. Nhiệm vụ chính
Vận hành và quản trị các hệ thống Monitoring (Icinga2, Grafana, InfluxDB và các plugin giám sát).
Vận hành và quản trị các hệ thống ManageEngine.
Quản trị hệ thống Microsoft 365, Azure Portal, SharePoint, Power Platform và các luồng tự động hóa.
Quản trị các hệ thống Email (Microsoft 365, Postfix, SMTP Gateway), DNS, Web Server và các dịch vụ hạ tầng khác.
Quản trị các hệ thống Linux/Windows Server, Virtualization (Hyper-V, Proxmox).
Xây dựng, duy trì và phát triển các công cụ tự động hóa vận hành bằng Python, Shell Script, API hoặc các công nghệ phù hợp.
Tham gia triển khai, nâng cấp, chuyển đổi và tối ưu các hệ thống CNTT theo yêu cầu dự án.
Xây dựng, cập nhật tài liệu kỹ thuật, quy trình vận hành, hướng dẫn xử lý sự cố và đào tạo nội bộ.
Phân tích, xử lý sự cố hệ thống; phối hợp với các bộ phận liên quan để đảm bảo chất lượng dịch vụ.
Tham gia trực vận hành, hỗ trợ xử lý sự cố ngoài giờ khi cần thiết.
Yêu cầu công việc:
Tốt nghiệp Đại học/Cao đẳng chuyên ngành Công nghệ thông tin, Điện tử Viễn thông hoặc tương đương.
Có từ 2 năm kinh nghiệm vận hành hệ thống CNTT.
Có kinh nghiệm quản trị Linux/Windows Server.
Có kiến thức hoặc kinh nghiệm về hệ thống Monitoring, Email, DNS, Web Server, Virtualization và Database.
Có kiến thức hoặc kinh nghiệm về Microsoft 365, Azure, SharePoint hoặc Power Platform là lợi thế.
Có kinh nghiệm sử dụng Docker, Git và các công cụ DevOps cơ bản.
Có khả năng lập trình hoặc tự động hóa bằng Python, Shell Script, PHP hoặc API Integration.
Có khả năng đọc hiểu tài liệu kỹ thuật tiếng Anh.
Có tư duy phân tích sự cố, chủ động học hỏi và khả năng làm việc nhóm tốt.
Có tinh thần trách nhiệm cao, sẵn sàng tham gia trực vận hành và hỗ trợ ngoài giờ khi phát sinh sự cố.
Ưu tiên:
Có kinh nghiệm triển khai hoặc vận hành các nền tảng Cloud Infrastructure như OpenStack, Promox hoặc tương đương.
Có kiến thức hoặc kinh nghiệm về Software Defined Storage (CEPH hoặc tương đương) là một lợi thế.
Có kinh nghiệm sử dụng Ansible, Terraform hoặc các công cụ Infrastructure as Code là lợi thế.
Có kiến thức hoặc kinh nghiệm về Container Platform (Docker, Kubernetes, OpenShift hoặc tương đương) là một lợi thế.
Kinh nghiệm xây dựng hệ thống HA và Distributed System.
Kinh nghiệm vận hành hạ tầng có SLA cao.
Chính sách phúc lợi:
Mức lương cạnh tranh, có thể thương lượng dựa trên năng lực ứng viên.
Thưởng tháng 13, các ngày lễ, Tết
Phụ cấp ăn trưa 60.000đ/ngày
BHXH, BHYT, BHTN
Khám sức khỏe định kỳ tại bệnh viện cao cấp
Du lịch, teambuilding trong và ngoài nước (2-3 chuyến/năm)
Môi trường làm việc: Thân thiện, năng động, khuyến khích sáng tạo và thay đổi
Các CLB thể thao như bóng đá, cầu lông, yoga, chạy bộ, pickleball… được công ty hỗ trợ
Cơ hội đào tạo, hướng dẫn từ các chuyên gia công nghệ có kinh nghiệm
Đào tạo về sản phẩm/dịch vụ và công nghệ mới; công ty tài trợ các khóa CEH, CCNP, CCIE, JNCIE, ITIL, LPI nếu nhân viên cần và mong muốn nâng cao chuyên môn
Tham gia các khóa học quốc tế về CNTT và Internet tại khu vực Châu Á - Thái Bình Dương (Apricot/APNIC, v.v.)
Thời gian làm việc: 8 giờ/ngày - 5 ngày/tuần; nghỉ cuối tuần
Địa điểm làm việc: Chi nhánh Hà Nội, Công ty CP NetNam, Tầng 2 – Tòa nhà HITC, 239 Xuân Thủy, Cầu Giấy, Hà Nội",,linkedin
APAC Customer Service Associate,INFUSE,,Ho Chi Minh City Metropolitan Area,,,,,"['Scala', 'Machine Learning', 'Security']",Full-time,Mid-Senior level,2026-05-22,,"OUR HIRING PROCESS:
We will review your application against our job requirements. We do not employ machine learning technologies during this phase as we believe every human deserves attention from another human. We do not think machines can evaluate your application quite like our seasoned recruiting professionals—every person is unique. We promise to give your candidacy a fair and detailed assessment.
We may then invite you to submit a video interview for the review of the hiring manager. This video interview is often followed by a test or short project that allows us to determine whether you will be a good fit for the team.
At this point, we will invite you to interview with our hiring manager and/or the interview team. Please note: We do not conduct interviews via text message, Telegram, etc. and we never hire anyone into our organization without having met you face-to-face (or via Zoom). You will be invited to come to a live meeting or Zoom, where you will meet our INFUSE team.
From there on, it’s decision time! If you are still excited to join INFUSE and we like you as much, we will have a conversation about your offer. We do not make offers without giving you the opportunity to speak with us live.
INFUSE is committed to complying with applicable data privacy and security laws and regulations. For more information, please see our Privacy Policy
Are you driven by the desire to deliver exceptional client experiences and thrive in a dynamic environment? At INFUSE, we're seeking a passionate Client Success Specialist to join our team, where your efforts directly contribute to our clients' satisfaction and our company's success. This position offers an enriching path to professional growth and the unique opportunity to work with a variety of industries, ensuring no two days are the same. INFUSE has built a reputation as a beloved employer by prioritizing employee satisfaction and creating a workplace where everyone feels valued and connected. Joining our team means becoming part of a supportive community that celebrates every success and encourages continuous improvement. You'll discover how our employees love their jobs, driven by the meaningful connections they make and the positive impact they have on our clients' businesses. This role is designed for someone who thrives in dynamic environments and can seamlessly transition between tasks to support both internal teams and client needs.
Key Responsibilities:
Build and maintain strong, long-lasting client relationships
Ensure the timely and successful delivery of our solutions according to client needs and objectives
Communicate clearly the progress of monthly/quarterly initiatives to internal and external stakeholders
Identify and grow opportunities within the territory and collaborate with sales teams to ensure growth attainment
Assist with challenging client requests or issue escalations as needed
Provide assistance across a variety of administrative and operational tasks, such as data entry, updating internal systems, or managing schedules.
Responsibilities
Proven track record of managing client relationships, preferably in a related field such as hospitality, client success, or sales
Strong communication and interpersonal skills
Can handle various tasks with attention to detail, managing priorities effectively in a fast-paced environment.
Empathetic understanding of client needs and the ability to address them effectively
Ability to address challenges and proactively offer solutions.
If you're passionate about building meaningful relationships and delivering top-notch client experiences, we'd love to hear from you. Apply now to embark on a rewarding career journey with INFUSE, where your ambitions and contributions are recognized and valued. Don't miss your chance to be part of a team that genuinely enjoys making a difference. Submit your application today!
We are an Equal Opportunity Employer. We make hiring decisions based on qualifications, merit, and business needs. We do not discriminate on the basis of race, color, religion, sex (including pregnancy, sexual orientation, and gender identity), national origin, age, disability, genetic information, or any other characteristic protected under applicable law. We welcome applicants from all backgrounds and believe that diversity of experience, culture, and perspective makes us stronger.",,linkedin
Nhân Viên IT,Công Ty TNHH BBQ Việt Nam,,"Hanoi, Hanoi, Vietnam",,,,,[],Full-time,Not Applicable,2026-03-23,,"Mô tả công việc
Vận hành và duy trì các phần mềm đang được sử dụng như phần mềm kế toán, nhân sự, các phần mềm khác đang áp dụng tại công ty;
Phát hiện hoặc ghi chép lại các lỗi phần mềm được báo cáo từ các bộ phận, phòng ban trong công ty. Phối hợp với các nhà cung cấp phần mềm để nâng cấp, sữa lỗi hệ thống;
Hỗ trợ và đào tạo người dùng trong việc sử dụng các phần mềm.
Quản lí hệ thống mạng, các thiết bị Công nghệ thông tin và công nghệ của công ty (Camera. điện thoại, máy in, máy văn phòng…)
Lập kế hoạch và triển khai thực hiện bảo trì, sửa chữa các thiết bị máy tính, mạng toàn công ty.
Quản lý trang thiết bị Công nghệ thông tin toàn hệ thống. Đề xuất các phương án mua sắm trang thiết bị Công nghệ thông tin.
Đánh giá bảo mật các hệ thống và triển khai biện pháp xử lý, khắc phục
Những công việc khác theo sự phân công của cấp trên
Đại học",,linkedin
IT Field System/EUC/Desktop/Network/Service Desk/Infra Support,Preferable - Crafting Careers,,"Ho Chi Minh City, Ho Chi Minh City, Vietnam",,,,,['REST'],Part-time,Mid-Senior level,2026-06-15,,"Greetings,
We are Eil Global, a company providing IT services in Asia Pacific and EMEA across various technologies such as desktops, Servers, networks and data centre technologies. We are headquartered in Adelaide, Australia and have clients and offices across Asia Pacific & EMEA regions
Site Locations: Ho Chi Minh
Mode: Dispatch - On call ticket based/Freelance/Part time/Casual Basis
SLA: SBD and NBD support
Skills & Requirements:
Exp in handling desktop/network issues/Audio Video - Conference room Set Up
Capable of installing and upgrading Operating Systems
Install patches
Software and Hardware Break Fix
Well versed IT engineer
Basics of Wi-Fi
Basics of networks, LAN, WAN, Switch and Router Configuration
Install and administer MS Office
Should Speak Business English with local language
If interested and available to support pls share your CV/Resume to visalakshi.s@eilglobal.com with subject line ""IT Support-Vietnam"" or any references is highly appreciated.",,linkedin
Technical Customer Support (Voice/Chat/Email),Concentrix,,"Ho Chi Minh City, Vietnam",,,,1.0,"['Rust', 'Scala', 'Excel', 'Networking']",Full-time,Mid-Senior level,2026-06-19,,"TECHNICAL CUSTOMER SUPPORT (Voice/Chat/Email)
(Open to Vietnames.e candidates only)
Location:
Flemington Tower, 182 Le Dai Hanh Street, Phu Tho Ward, Ho Chi Minh City
Working Time:
5 days/week, rotating shift, 8am – 11pm, with only 9 hours (8hrs working + 1hrs break)
English proficiency:
B2 level
About the job
The Role
Provide technical support via phone, email, chat, and remote access
Assist with product installation, usage, and troubleshooting
Follow support procedures (e.g. warranty verification)
Diagnose issues, identify root causes, and recommend solutions
Document cases and solutions in the system
Job Description
Responds to customer technical problems/issues related to hardware and networking via phone /email/chat.
Assist customers by diagnosing problems and providing resolutions for technical service.
Uses troubleshooting techniques and tools to identify products that are defective and follow guidelines in issuing service calls/contacts.
Apply Diagnostic techniques to identify problems, investigate causes and recommend solutions to correct failures.
Documents problems in the support solution database for diagnostics and solution implementation.
Advises/educates customers within procedural guidelines to ensure a complete solution to their technical or service questions.
Identifies, research and provides input on unique or recurring customer problems.
Remains knowledgeable of client’s product line, policies, and procedures.
Knowledge in how to interact with Microsoft Windows Operative Systems and Basic Internet Tools.
Focus on delivering a positive customer experience according to Client standards.
Monitors and tracks issues to ensure accurate resolution.
May be involved in revenue generation activities with current customers.
Reviews and distributes pertinent cross-functional information. Escalates more complex customer technical issues to senior level support
Requirements
Bachelor’s degree in IT/Technical Engineer is a plus.
At least 1 year of Technical Support and/or with technical background
Must possess effective communication skills (written and verbal)
Ability to work under pressure
Corporate and process mind
Excellent communication and quality orientation
Benefits
Attractive fixed salary + 100% salary during probation.
13th month salary.
14 days of annual leave.
Health Insurance, Social Insurance + Aon Health Care.
Career development opportunities in a professional and dynamic environment.
Opportunity to work with top industry experts and talented colleagues.
Transparent, trustworthy, and inspiring workplace culture.
Participation in engagement and well-being activities: Company events, Happy Day,...","Attractive fixed salary + 100% salary during probation.
13th month salary.
14 days of annual leave.
Health Insurance, Social Insurance + Aon Health Care.
Career development opportunities in a professional and dynamic environment.
Opportunity to work with top industry experts and talented colleagues.
Transparent, trustworthy, and inspiring workplace culture.
Participation in engagement and well-being activities: Company events, Happy Day,...",linkedin
Frontend Engineer (Junior/Middle),Holistics Data,,Vietnam,,,,,"['TypeScript', 'Ruby', 'Vue', 'Vue.js', 'PostgreSQL', 'Redis', 'CI/CD', 'REST']",Full-time,Not Applicable,2026-04-22,,"The position
We’re the team behind projects like BI tool Holistics, database diagram tool dbdiagram.io, and open-source project dbml.org. We’re looking for another front-end engineer to help us build more awesome tools for data teams and developers.
This is a full-time position based in Ho Chi Minh City with flexible, hybrid WFH/WFO setup.
Our application’s architecture
To get a taste of how working with us is like, here are some insights into how our application has been built so far.
The Holistics app works by allowing data analysts to connect to their data warehouses and develop reusable “data models”. This allows non-technical users to use a friendly drag-and-drop interface to explore the data and build dashboards, without the need to bother their technical colleagues.
On the frontend side
, Vue.js 3.0 with TypeScript is our framework of choice for front-end development. To deal with displaying
huge amount of data
, we build sophisticated, custom Vue components that lazily render the data. Since many complex computation are done on the front-end, we also use Web workers to decouple those computation from the main rendering thread. This enables smoother
user experience
while also decouples computation from rendering logic.
Most of our “as-code” features operate in dual modes: code-mode and UI-mode. The code is for technical-savvy users, while the UI mode is for those who prefer a more intuitive start. To support these features, we have developed
our own
compiler
and a
web-based editor
, similar to a lightweight version of VSCode, both of which are optimized for performance in the browser environment.
While we use the word frontend, it encompasses both the conventional frontend aspects as well as the “backend of the frontend”. This includes elements like frontend architecture, designing data structures to enable complex visualizations, and packaging components to reuse them across various product lines.
On the backend side
, Holistics is built using Ruby on Rails as the main web framework. Unlike standard Rails project structure, we
modularize the code base into local gems and
engines
to improve maintainability and extensibility, following modular monolith pattern. This also follows the pattern of “Functional core, imperative shell with the
gems being mostly functional/stateless
code and
engines handle the imperative/stateful
part of the app.
By using Sorbet to add static typing on top of Ruby, we ensure that most of our Ruby code has
annotated type signature
. This not only reduces a whole swath of common bugs that plagues Ruby codebases but also significantly improves developer productivity through IDE/editor integrations.
We use PostgreSQL for our main production database due to its reliability and rich feature-set. We have built a custom job queue system on top of Postgres, which are then executed using Sidekiq on top of Redis.
What You’ll Work On Here
Here are some interesting frontend projects that have been going on inside Holistics:
Build a web-based IDE for data analysts to explore and develop analytics logic
Build a grid-based dashboard as-code
Create custom, interactive visualization components leveraging open-source technologies like Vega-Lite
Build a new design system and seamlessly integrate it across existing and new product lines.
Develop front-end components capable of rendering hundreds of thousands of data points efficiently
Perform ongoing audits and monitoring to optimize front-end performance, focusing on speed and user experience.
Develop and optimize a (CI/CD) pipeline specifically for front-end development to enhance the Developer Experience (DX)
Design and build a natural language interface for business users to explore data and view dashboards
Create a domain specific language as part of a semantic layer to represent analytics logic
The way we work
We follow Spotify squad model. Our team is split into 4 squads, each (5-7 members) consists of engineers, product managers & designers working closely together.
How we work on a new feature:
Product & Design Team spends time research the problem, talk to customers and prepare Product Discovery Doc (PDD) and Product Requirement Doc (PRD).
Engineering Team then performs a Technical Research. When we have a fairly good picture of the complexity and impact, we’ll start with the implementation.
We do not compromise product and code quality for artificial deadline. We refactor and think about code optimization regularly. We understand the good and bad of technical debt and use them to our advantage.
We employ “pair programming” practices regularly where two team members work on a task together in one workstation. This brings a great deal of benefits, among which are faster knowledge transfer, reduced bus factor, better team cohesion and improved code quality.
We have a strong writing culture: Almost everything is communicated through written documents. Just as our developers write reusable codes, we write evergreen notes.
We maintain a problem-solving culture. Everyone is strongly encouraged to have rigorous understanding of a problem, separating Problem Space vs Solution Space as well as using Eigenquestions to find the most important dimensions of a problem. Solutions are deliberated over with trade-offs explicitly listed in discussion documentation. Watch this talk about problem-solving for engineers that our cofounder gave (in Vietnamese)
We avoid being a feature factory. We’re aware more features do not equal better product.
We let team members rotate every 3-6 months. This allows them to try new things and learn different aspects of the business.
Our culture stimulates continuous learning:
We have a weekly TED talk program where team members present topics they are interested in.
Engineering Team organizes weekly technical talks as well as monthly technical workshops.
Product Team has regular AMA events with external product experts
What We Look For In You
Here’s our idea of a good team member fit:
You should have a profound interest in the front-end domain. You deeply care about the user experience and building high-performance front-end components.
You should have a strong foundation in Computer Science with good problem-solving ability.
Experience with our technology stack not required: While it’s a bonus, it’s not a requirement for you to be familiar with our current technical stack. We expect you to be able to pick up these quickly on the job.
You should be someone with a continuous learning & growth mindset. You find yourself excited to learn something new as part of the work every week.
Communications: Given we have a strong writing culture, you should be comfortable with communicating your ideas in English written forms.
Genuine interest in the space: We’d love to work with people who are genuinely interested in the product and the space we’re in, someone who cares about the end-product beyond just writing the code that makes it work.
Interview Process
Round 1: Pair-coding interview
Round 2: Technical interview (Optional)
Round 3: Culture & Behavior Interview ‍
Compensation And Benefits
💕
Benefits:
Flexible working arrangement, hybrid work (WFO+WFH) policies
14 annual leaves, 14 sick leaves, and childcare leave policy.
Annual budget for personal and professional growth, well-being, and interest cultivations.
24/7 healthcare insurance; periodic medical checkups.
13-month salary; annual compensation reviews
Weekly happy hours, company-organized events.
🏢
Workstations provided for maximum productivity
MacBook (or Laptop) Grant
Mechanical Keyboard + Mouse
Big-screen monitor(s)
🌐
Working time:
From Monday – Friday, from 9.00 a.m. to 6.00 p.m.
🌐
Work location:
457-459 Nguyen Dinh Chieu, Ward 5, District 3, Ho Chi Minh City, Vietnam.
Apply now","💕
Benefits:
Flexible working arrangement, hybrid work (WFO+WFH) policies
14 annual leaves, 14 sick leaves, and childcare leave policy.
Annual budget for personal and professional growth, well-being, and interest cultivations.
24/7 healthcare insurance; periodic medical checkups.
13-month salary; annual compensation reviews
Weekly happy hours, company-organized events.
🏢
Workstations provided for maximum productivity
MacBook (or Laptop) Grant
Mechanical Keyboard + Mouse
Big-screen monitor(s)
🌐
Working time:
From Monday – Friday, from 9.00 a.m. to 6.00 p.m.
🌐
Work location:
457-459 Nguyen Dinh Chieu, Ward 5, District 3, Ho Chi Minh City, Vietnam.",linkedin
Technical Project Manager,Ingenico,,Hanoi Capital Region,,,,5.0,"['React', 'Agile', 'Scrum', 'Excel', 'Jira', 'Android']",Full-time,Mid-Senior level,2026-06-17,,"JOB PURPOSE/MISSION:
Ingenico Android Competence Center (ACC) is tasked with building and maintaining payment software for use across regions.
Technical Project Manager (TPM) is responsible for managing projects to make sure the project teams can deliver software products with constraints of time, cost, and quality. TPM should have a technical background so he/she speaks the same language as project members do, understand their issues and find the most relevant ways to support them complete their jobs.
KEY RESPONSIBILITIES:
Handle project management activities including, but not limited to: Project schedules, Detailed project plans, Project scope statements, Cost estimates, Resource plans, Risk and issues management, Status reports.
Communicate with stakeholders, ensure project plan, project status, risks and issues are transparent to relevant stakeholders.
Identify and manage risks, issues and conflicts to ensure quality control throughout the project life cycle.
Lead and motivate the development team, supervise and evaluate team members, provide them valid and constructive feedbacks, supportive and professional mentoring.
Actively participates as a leader in company life to contribute to building up company culture.
KEY PERFORMANCE OBJECTIVES/INDICATORS:
Consistently delivering according to commitments
Deliverables have right quality level (defined & validated by QA team)
SKILLS/COMPETENCY SPECIFICATION
Competency/Skill Requirements:
Excellent leadership skills to guide the project team through the phases of multiple-scale projects.
Strong problem-solving skills.
Strong written and oral communication skills (in English).
Strong interpersonal skills to gain cooperation from a wide variety of sources, including senior management, team members and other stakeholders.
Ability to react to project adjustments and alterations promptly and efficiently.
Ability to work with cross-functional development team.
Ability to work with distributed development team.
Experience with Jira or similar project management tools.
Languages:
Fluent English required.
Education Qualifications / Experience Requirements:
At least 5 years of experience as a Software/IT Project Manager.
Experience in traditional project management as well as Agile methods (SAFE, Scrum, XP, Kanban).
Proven experience in project scheduling, change control, people management and risk management.
Bachelor or Higher Degree in Computer Science, Information Technology or Software Engineering.",,linkedin
Technical Trainee,the LEGO Group,,"Bac Tan Uyen, Binh Duong, Vietnam",,,,,"['Express', 'REST']",Full-time,Not Applicable,2026-06-17,,"Job Description
Join LEGO Manufacturing Vietnam as a
Technical Trainee
and kick-start your career in a dynamic, hands-on environment where precision, safety, and quality come first. We are looking for individuals with strong manual dexterity, good hand-eye coordination, and a problem-solving mindset. If you are detail-oriented, adherent to standards, and eager to learn, this is your opportunity to grow.
Apply now and begin your journey in shaping the future of play!
Responsibilities
Participate in structured training programs designed for the Apprentice Program.
Gain hands-on experience in an international manufacturing environment.
Learn technical skills, production processes, and safety standards.
Practice and develop technical capabilities under the guidance of experienced technicians and engineers.
Rotate across relevant departments to better understand manufacturing operations.
Do you have what it takes?
Prefer candidates who are 3rd year or final-year students from the universities/colleges in Mechanical, Mechatronics, Electrical – Electronics or relevant majors.
Be familiar with interpretation of Mechanical, Electrical drawing, using various measuring instruments.
English communication.
Can work for full-time pattern.
Applications are reviewed on an ongoing basis. However, please note we do amend or withdraw our jobs and reserve the right to do so at any time, including prior to any advertised closing date. So, if you're interested in this role we encourage you to apply as soon as possible.
What’s in it for you?
Here is what you can expect
Family Care Leave
- We offer enhanced paid leave options for those important times.
Insurances
– All colleagues are covered by our life and disability insurance which provides protection and peace of mind.
Wellbeing
- We want our people to feel well and thrive. We offer resources and benefits to nurture physical and mental wellbeing along with opportunities to build community and inspire creativity.
Colleague Discount
– We know you'll love to build, so from day 1 you will qualify for our generous colleague discount.
Bonus
- We do our best work to succeed together. When goals are reached and if eligible, you'll be rewarded through our bonus scheme.
Workplace
- When you join the team you'll be assigned a primary workplace location i.e. one of our Offices, stores or factories. Our hybrid work policy means an average of 3 days per week in the office. The hiring team will discuss the policy and role eligibility with you during the recruitment process.
Children are our role models. Their curiosity, creativity and imagination inspire everything we do. We strive to create a diverse, dynamic and inclusive culture of play at the LEGO Group, where everyone feels safe, valued and they belong.
The LEGO Group is highly committed to equal employment opportunity and equal pay and seeks to encourage applicants from all backgrounds (eg. sex, gender identity or expression, race/ethnicity, national origin, sexual orientation, disability, age and religion) to apply for roles in our team.
The LEGO Group is fully committed to Children’s Rights and Child Wellbeing across the globe. Candidates offered positions with high engagement with children are required to take part in Child Safeguarding Background Screening, as a condition of the offer.
Thank you for sharing our global commitment to Children’s Rights.
Just imagine building your dream career.
Then make it real.
Join the LEGO® team today.",,linkedin
Digital Manufacturing Site Administrator (Hung Yen),Molex,,"Hung Yen, Hung Yen, Vietnam",,,,,"['Scala', 'REST', 'Security', 'Cybersecurity']",Full-time,Not Applicable,2026-06-16,,"Digital Manufacturing Site Administrator
Location
:
Thang Long Industrial Park II, Hung Yen, Vietnam.
Reports To
:
Regional IT (dotted-line Site OpEx manager)
Site Context
Molex is expanding its Vietnam footprint with a
new high‑tech facility in Hung Yen (Thang Long Industrial Park II)
to produce
high‑speed connectors, cables, and optical devices
, supported by significant new investment and large‑scale automation. The Vietnam expansion features
advanced robotics, high‑speed injection molding, stamping, plating, and automated assembly
, reflecting a step‑change in digital/automation maturity across the Asia manufacturing network. Public sources reference
investment ranging from :$128M to $145M
for the Hung Yen build‑out and its 100,000 m² footprint.
Job Summary
Digital Manufacturing Site Administrator is the site-level owner and steward of digital manufacturing systems, responsible for ensuring effective integration between operational technology (OT) and enterprise IT platforms in an advanced manufacturing environment. It drives the performance, security, and scalability of
automation‑intensive production (robotics, molding, stamping, plating, optical manufacturing)
and enterprise platforms (ERP/MES/SCADA, data & analytics), aligned to Molex’s global technology direction.
Key Responsibilities
IT/OT Infrastructure & Operations
Operate and optimize site IT/OT infrastructure including site networks, on prem and cloud compute, identity & access systems, endpoints, and plant floor OT devices (PLCs, HMIs, IIoT gateways, historians).
Maintain current architecture diagrams, IP schemes, asset inventory, runbooks and SOPs to enable fast recovery and consistent operations.
Implement and enforce secure remote access, segmentation between IT and OT, and endpoint/hardening standards in partnership with corporate IT/cybersecurity.
Lead capacity planning and lifecycle management: forecast resource needs, plan hardware/software refreshes, coordinate procurement, and manage warranties/licenses.
Cybersecurity & Risk Management
Protect intellectual property and supplier data by applying site cybersecurity controls, secure configuration baselines, and credential/certificate management.
Maintain, test and validate disaster recovery and business continuity plans for critical digital assets; ensure backups and restore procedures are current.
Act as the site liaison to Corporate Cybersecurity for vulnerability remediation, incident response, and compliance audits.
Vendor & Budget Management
Manage vendor relationships for support, maintenance, licensing and professional services; coordinate on site vendor activities to minimize production impact.
Drive total cost of ownership (TCO) optimization through lifecycle planning, consolidation opportunities and cost/value analysis.
Global Demand Intake Process
Ensure all site IT/OT requests are submitted through the global intake workflow and meet intake standards.
Evaluate and prioritize requests based on strategic alignment, architecture fit, cost/value, urgency, compliance, and resource impact.
Proactively engage site stakeholders (Operations, Engineering, Quality, SCM) to ensure standardized request submission and to protect project timelines.
Leverage global steering and prioritization forums to secure funding, align priorities, and provide transparency on site demand and project status.
Qualifications
Education & Experience
Bachelor’s degree in information technology, Computer Science, Electrical/Automation/Industrial Engineering, or related field.
8+ years of IT leadership in manufacturing—electronics/optics/automation preferred; experience with new plant build‑out and ramp strongly valued.
Technical Skills
Enterprise IT (networks, cloud/on‑prem, identity, endpoint), OT (PLC/SCADA/MES), data platforms/ETL; cybersecurity for IT/OT.
Exposure to robotics, alignment/vision, AOI, metrology, and integration of precision equipment into MES/SCADA/data lakes.
Leadership & Soft Skills
Strategy execution, stakeholder management (plant, regional, global), communication, vendor negotiation, and change leadership in high‑growth environments.
Working Relationships
Site: Operations, Engineering/Automation, Quality, Supply Chain, EHS, Finance
Regional/Global: Enterprise IT, Cybersecurity, Digital/Analytics, Architecture, Compliance
Travel / Language
Occasional regional/international travel for IT meeting joining vendor engagement and best‑practice sharing.
Vietnamese, English required, Chinese as a plus.
At Koch, employees are empowered to do what they do best to make life better. Learn how our business philosophy helps employees unleash their potential while creating value for themselves and the company.
Additionally, everyone has individual work and personal needs. We seek to enable the best work environment that helps you and the business work together to produce superior results.",,linkedin
Junior IT Technician (Hanoi),TELUS Digital Philippines,,"Hanoi, Hanoi, Vietnam",,,,,"['Swift', 'Windows Server', 'Excel', 'Security']",Full-time,Not Applicable,2026-03-23,,"The Junior IT Technician is a crucial role focused on providing prompt and effective direct technical support to all employees by maintaining the stability of IT systems and swiftly resolving issues related to hardware, software, and network connectivity, primarily utilizing a ticketing system. Key responsibilities include system and network administration, IT asset management with inventory and lifecycle tracking, ensuring compliance with IT policies and security protocols, and maintaining accurate IT documentation.
Key Responsibilities:
End-User Support: Handle requests via the ticketing system; diagnose and troubleshoot hardware, software, and network issues for laptops, printers, and peripherals.
System & Network Administration: Manage user accounts and access permissions; perform routine maintenance on network devices and servers; coordinate with vendors for repairs when necessary.
Asset Management: Monitor the full lifecycle of IT assets (procurement, issuance, maintenance, recovery); conduct monthly inventories and comply with the company's Asset Management SOP.
Documentation & Reporting: Update technical documentation and FAQs; provide periodic reports on ticket resolution status and recurring incidents to improve service quality.
Compliance & Security: Ensure adherence to IT security policies and information security standards; report any potential security risks immediately.
User Training: Guide employees on IT policies and self-service tools; notify staff regarding scheduled system maintenance.
Qualifications:
Bachelor's or Associate's degree in Information Technology or a related field.
Willingness to work in shifts, including weekends or holidays as required (rotating shift, 40 hours/week).
Proficient in Windows 10, 11, and Windows Server; knowledgeable in computer hardware and on-premise network infrastructure.
Preference given to candidates with experience providing technical support via multiple channels (email, chat, phone).
Excellent communication and problem-solving skills; ability to work both independently and as part of a team.
English B1 - Oral and written comprehension required
Attitude: Responsible, proactive, and possessing strong professional ethics.",,linkedin
System Administrator,NetNam Corporation,,Hanoi Capital Region,,,,,"['Python', 'PHP', 'Docker', 'Kubernetes', 'Azure', 'Terraform', 'Ansible', 'Git', 'DevOps', 'Linux', 'Windows Server', 'API', 'ITIL', 'Hyper-V']",Full-time,Mid-Senior level,2026-06-20,,"Mô tả công việc:
1. Mục tiêu vị trí
Tham gia vận hành, giám sát, tối ưu và phát triển các hệ thống hạ tầng CNTT, dịch vụ nội bộ và dịch vụ khách hàng của công ty.
Đảm bảo hệ thống hoạt động ổn định, an toàn và đáp ứng SLA.
2. Nhiệm vụ chính
Vận hành và quản trị các hệ thống Monitoring (Icinga2, Grafana, InfluxDB và các plugin giám sát).
Vận hành và quản trị các hệ thống ManageEngine.
Quản trị hệ thống Microsoft 365, Azure Portal, SharePoint, Power Platform và các luồng tự động hóa.
Quản trị các hệ thống Email (Microsoft 365, Postfix, SMTP Gateway), DNS, Web Server và các dịch vụ hạ tầng khác.
Quản trị các hệ thống Linux/Windows Server, Virtualization (Hyper-V, Proxmox).
Xây dựng, duy trì và phát triển các công cụ tự động hóa vận hành bằng Python, Shell Script, API hoặc các công nghệ phù hợp.
Tham gia triển khai, nâng cấp, chuyển đổi và tối ưu các hệ thống CNTT theo yêu cầu dự án.
Xây dựng, cập nhật tài liệu kỹ thuật, quy trình vận hành, hướng dẫn xử lý sự cố và đào tạo nội bộ.
Phân tích, xử lý sự cố hệ thống; phối hợp với các bộ phận liên quan để đảm bảo chất lượng dịch vụ.
Tham gia trực vận hành, hỗ trợ xử lý sự cố ngoài giờ khi cần thiết.
Yêu cầu công việc:
Tốt nghiệp Đại học/Cao đẳng chuyên ngành Công nghệ thông tin, Điện tử Viễn thông hoặc tương đương.
Có từ 2 năm kinh nghiệm vận hành hệ thống CNTT.
Có kinh nghiệm quản trị Linux/Windows Server.
Có kiến thức hoặc kinh nghiệm về hệ thống Monitoring, Email, DNS, Web Server, Virtualization và Database.
Có kiến thức hoặc kinh nghiệm về Microsoft 365, Azure, SharePoint hoặc Power Platform là lợi thế.
Có kinh nghiệm sử dụng Docker, Git và các công cụ DevOps cơ bản.
Có khả năng lập trình hoặc tự động hóa bằng Python, Shell Script, PHP hoặc API Integration.
Có khả năng đọc hiểu tài liệu kỹ thuật tiếng Anh.
Có tư duy phân tích sự cố, chủ động học hỏi và khả năng làm việc nhóm tốt.
Có tinh thần trách nhiệm cao, sẵn sàng tham gia trực vận hành và hỗ trợ ngoài giờ khi phát sinh sự cố.
Ưu tiên:
Có kinh nghiệm triển khai hoặc vận hành các nền tảng Cloud Infrastructure như OpenStack, Promox hoặc tương đương.
Có kiến thức hoặc kinh nghiệm về Software Defined Storage (CEPH hoặc tương đương) là một lợi thế.
Có kinh nghiệm sử dụng Ansible, Terraform hoặc các công cụ Infrastructure as Code là lợi thế.
Có kiến thức hoặc kinh nghiệm về Container Platform (Docker, Kubernetes, OpenShift hoặc tương đương) là một lợi thế.
Kinh nghiệm xây dựng hệ thống HA và Distributed System.
Kinh nghiệm vận hành hạ tầng có SLA cao.
Chính sách phúc lợi:
Mức lương cạnh tranh, có thể thương lượng dựa trên năng lực ứng viên.
Thưởng tháng 13, các ngày lễ, Tết
Phụ cấp ăn trưa 60.000đ/ngày
BHXH, BHYT, BHTN
Khám sức khỏe định kỳ tại bệnh viện cao cấp
Du lịch, teambuilding trong và ngoài nước (2-3 chuyến/năm)
Môi trường làm việc: Thân thiện, năng động, khuyến khích sáng tạo và thay đổi
Các CLB thể thao như bóng đá, cầu lông, yoga, chạy bộ, pickleball… được công ty hỗ trợ
Cơ hội đào tạo, hướng dẫn từ các chuyên gia công nghệ có kinh nghiệm
Đào tạo về sản phẩm/dịch vụ và công nghệ mới; công ty tài trợ các khóa CEH, CCNP, CCIE, JNCIE, ITIL, LPI nếu nhân viên cần và mong muốn nâng cao chuyên môn
Tham gia các khóa học quốc tế về CNTT và Internet tại khu vực Châu Á - Thái Bình Dương (Apricot/APNIC, v.v.)
Thời gian làm việc: 8 giờ/ngày - 5 ngày/tuần; nghỉ cuối tuần
Địa điểm làm việc: Chi nhánh Hà Nội, Công ty CP NetNam, Tầng 2 – Tòa nhà HITC, 239 Xuân Thủy, Cầu Giấy, Hà Nội",,linkedin
System Administrator,IIJ Global Solutions Vietnam Company Ltd.,,"Ho Chi Minh City, Vietnam",,,,1.0,"['Go', 'AWS', 'Linux', 'ITSM', 'VMware', 'Security']",Full-time,Mid-Senior level,2026-06-15,,"IIJ Global Solutions Vietnam is a subsidiary of IIJ Group, which has been leading as a pioneer in the field of enterprise networks, Infrastructure, and Cloud solutions around the globe since its establishment in 1992.
Established in 2016, with the mission of enhancing business productivity and flexibility to go one step further, we provide turn-key Cloud & Security solutions, and IT consulting & System integration service in Vietnam.
IIJ Managed Cloud: A managed service that monitors and operates AWS for the Vietnamese market, launched in 2024. This service is operated by IIJ (AWS Advanced Tier Partner) and Serverworks (AWS Premier Tier Service Partner), delivering a quality, fast, reliable product of Japanese standard from consulting, integration, deployment, and management to all businesses using AWS or starting an AWS journey.
Title: System Administrator
Scope of work:
·      Participate in providing 24x7 operational production support, incidents, requests, and change management.
·      Performs backup/recovery using the Veeam solution.
·      Monitoring & troubleshooting incidents regarding server/ hardware/ Storage/ VMware/ database follow standard operating procedure within the agreed-upon SLAs.
·      Performing maintenance activities regarding servers (HPE, DELL), software (OS, ESXi, vCenter...) follow standard operating procedures.
·      Daily following up with requests via email/phone/ITSM tool.
Work closely with other teams & partners to quickly deliver services and resolve issues for
Skills and Experience:
·      +1 years of experience in supporting/managing VMware products.
·      Experience with Windows and Linux Server administration.
·      Experience working with VMWare: VCenter, ESXI, VMotion, HA, DRS etc…
·      Nice to have: Experience in VMware Cloud Director, vRealize Log Insight, NSX-T, vRealize Operations Manager... (will be trained after joining).
·      Understanding of storage (SAN\NAS) connectivity from vSphere, mounting LUNs (iSCSI).
·      Logical thinking, disciplined, careful, and honest.
·      Ability to research and learn to work effectively.
Intermediate/ advanced speaking, reading, and writing skills in English.
.
Benefits:
Attractive Compensation: Competitive base salary based on your capability, 13th-month bonus, and performance bonus. Annual salary review
Private health insurance package provided.
Work-Life Balance: Company trips, team-building events, and internal engagement activities.
Supportive Culture: Open, collaborative, and friendly working environment with positive and skilled teammates.
Working hours:
9:00 – 17:30, Monday – Friday
Working location:
Ho Chi Minh Office","Attractive Compensation: Competitive base salary based on your capability, 13th-month bonus, and performance bonus. Annual salary review
Private health insurance package provided.
Work-Life Balance: Company trips, team-building events, and internal engagement activities.
Supportive Culture: Open, collaborative, and friendly working environment with positive and skilled teammates.
Working hours:
9:00 – 17:30, Monday – Friday
Working location:
Ho Chi Minh Office",linkedin
IT Project Leader,TNHH Thời Trang Az Miền Bắc,,"Hanoi, Hanoi, Vietnam",,,,,[],Full-time,Not Applicable,2026-04-22,,"Mô tả công việc
Working Place
HCM: HKL Building, Nguyen Huu Tho St., Nha Be, HCMC (0.5 Kilometers away from Nguyen Huu Tho & Nguyen Van Linh street).
HN: Nguyen Ngoc Vu St., HN
Main Task
You will be in charge of activities of developing and managing software system to ensure the system for operations of the Company in smooth and improvement
Receive customers’ requirements on system design and translate/assign tasks to functional team members;
Design software system and researching new technologies;
Recommend technical changes to improve established software programs;
Develop high quality design deliverables;
Review and optimize soft program pattern design;
Identify bottlenecks and bugs, and devise solutions to problems of the team;
Efficient with UML Design tools or System concept draw tools (Visio, UML Visual Paradigm, e Draw or similar/related tools).
Đại học",,linkedin
"IT Helpdesk Officer (Fresher, Good English)",Topicus Vietnam,,"Phu Nhuan, Ho Chi Minh City, Vietnam",,,,1.0,['Perl'],Full-time,Entry level,2026-06-20,,"About Us
At Topicus, we believe IT should serve society. From healthcare and education to finance, our solutions empower millions of people daily by turning complex challenges into user-friendly platforms. We don’t just build software; we increase self-reliance and reduce vulnerability for citizens worldwide.
With a team of over 1,500+ ""Topicans"" across Southeast Asia (Vietnam & Thailand) and Europe (the Netherlands, Romania, Portugal, and Iceland), we are constantly expanding our horizons. Our ambition reaches far beyond Europe, driven by a shared mission to make a meaningful difference.
About the Role
We are looking for an
Fresher IT Helpdesk Officer
to support employees with workstation-related needs and ensure IT equipment is properly prepared, maintained, and tracked throughout its lifecycle. The role supports onboarding activities, provides first-line hardware support, coordinates repairs and replacements with vendors, and maintains accurate asset records for laptops, monitors, and other workplace technology.
Key Responsibilities
Support employee onboarding by coordinating account requests and preparing IT equipment.
Configure and prepare laptops and peripherals for new employees.
Provide first-line support for laptop and workstation issues, including performance, battery, and hardware-related problems.
Perform basic hardware maintenance and upgrades.
Coordinate repairs, warranty claims, and replacements with external vendors.
Research and recommend workstation hardware specifications.
Maintain accurate records of IT assets and manage equipment handovers and returns.
Support hardware inventory management and lifecycle tracking.
Requirements
Fresh graduates or up to 1 year of experience in IT Support role.
Basic knowledge of computer hardware and troubleshooting.
Good command of English, especially verbal.
Strong organizational and administrative skills.
Attention to detail in asset management and documentation.
Customer-focused approach with strong interpersonal and communication skills.
Ability to coordinate effectively with employees, vendors, and internal stakeholders.
Benefits
Fixed 13th-month salary and performance bonus.
Full salary during probation and full social insurance coverage.
A good work-life balance environment.
Premium healthcare (including annual health check-up).
16 days of annual leave per year.
5 paid sick leave days.
Dynamic and international English-speaking working environment.
Regular gatherings (happy hours, bimonthly dinners, social events, etc.).
Annual company trip.
Fully stocked pantry with coffee and snacks.
Budget for team activities.
Supportive and diverse work environment that promotes continuous learning.
Opportunity for traveling and training in the Netherlands.
Join our team as a
Fresher IT Helpdesk Officer
at Topicus Vietnam!","Fixed 13th-month salary and performance bonus.
Full salary during probation and full social insurance coverage.
A good work-life balance environment.
Premium healthcare (including annual health check-up).
16 days of annual leave per year.
5 paid sick leave days.
Dynamic and international English-speaking working environment.
Regular gatherings (happy hours, bimonthly dinners, social events, etc.).
Annual company trip.
Fully stocked pantry with coffee and snacks.
Budget for team activities.
Supportive and diverse work environment that promotes continuous learning.
Opportunity for traveling and training in the Netherlands.
Join our team as a
Fresher IT Helpdesk Officer
at Topicus Vietnam!",linkedin
Head of IT Vietnam (Nutrition),Abbott,,Ho Chi Minh City Metropolitan Area,,,,7.0,"['Excel', 'Networking', 'Security']",Full-time,Not Applicable,2026-05-22,,"About Abbott
Abbott is a global healthcare leader, creating breakthrough science to improve people’s health. We’re always looking towards the future, anticipating changes in medical science and technology.
WORKING AT ABBOTT
At Abbott, you can do work that matters, grow, and learn, care for yourself and family, be your true self and live a full life. You will have access to :
Career development with an international company where you can grow the career you dream of.
A company recognized as a great place to work in dozens of countries around the world and named one of the most admired companies in the world by Fortune.
A company that is recognized as one of the best big companies to work for as well as a best place to work for diversity, working mothers, female executives, and scientists.
Working Location : Flemington Tower and Me Linh Point Tower
Reporting to : Head of IT – Asia Pacific, China, Europe & Middle East
MAIN PURPOSE :
Responsible for the IT Strategy, portfolio, application support and infrastructure services of the Abbott Nutrition Vietnam market and specific value chain domains across all Asia Pacific markets. Ensures the portfolio enhances organizational strategy through successful, consistent and predictable delivery of programs, projects and applications. Achieves this where needed supported by a small staff which partners with the business, has excellent understanding of the business processes, is aware of the evolution of technologies, and takes into account regulations relevant to the business area.
Proactively identifies areas of opportunity to apply IT for new business opportunities, process improvement, and cost efficiencies. Provides insight to the business unit on how to best develop and leverage IT capabilities for the organization(s). Primary point of contact for overall IT needs for the Vietnam market and some specific value chain domains across all Asia Pacific markets.
GENERAL RESPONSIBILITY  :
To comply with the company’s policies and procedures to meet statutory, quality and business requirements within the overall strategy, objectives and service standards of the Abbott Nutrition International Vietnam and Asia businesses.
Responsible for assessing the compliance of system solutions with regulatory requirements, inclusive of validation.
Operates with goals set by the Regional Head of IT for Abbott Nutrition business
Erroneous decisions would normally result in failure to complete projects critical to major objectives of the business unit. Has direct impact on capital budget, expenses and major project completion.
Accountable for the accuracy of the fit of the proposed business process improvements and the technical solution to the business needs and the information upon which the business justification and prioritization decisions are made. Also accountable for communicating the business need and drivers to development groups to assure the implementation phase can fulfill the business need.
MAIN RESPONSIBILITIES :
Strategic thinking :
Understands and contributes to the business unit strategy and translates business strategy in an aligned IT strategy and portfolio of programs, projects and applications.
Champion change and innovation. Stimulates creativity and innovation in others. Open to new ideas. Supports those who initiate change and take risks. Promotes a Global Perspective.
Constant awareness of evolving regulatory requirements to the specific business unit, and influence the IT stakeholders and vendors in addressing these evolutions in the most efficient way.
Business Acumen :
Understand the business of the unit, and ensure that IT solutions meet the needs of the business.
Understands the specific challenges and opportunities linked to the regulatory, legal, and economic situation of the business unit.
Consulting :
Consulting toward business process owners on tools and solutions based on own area of IT expertise. Recommend solutions assuring fit with BU direction, strategy and priorities. Closely collaborate with other disciplines like corporate IT, Engineering, and business process owners in the BU.
Perform or aid in the analysis, requirements specification, design, and implementation of systems and programs for the area of expertise.
Relationship management :
Influence and partner with business leaders (Manager, Director) to manage and align the process specific IT portfolio. Close collaborate with other parts of BU IT, Global Information Services, adjacent business departments and external partners to ensure adequate and timely delivery of agreed services, in line with agreed service levels.
Partner and collaborate with key IT staff of other Abbott divisions in order to support cross divisional business initiatives, and explore IT synergies and efficiencies.
Portfolio & budget management :
Agrees with unit management and global BRM, on the portfolio of programs, projects, and applications, and ensures that unit long range plan and budgets are aligned.
In the BRM team align the unit portfolios, identify conflicts and synergies and act upon this.
Negotiates for and secures resources to meet the long range needs of the unit.
Oversee and control the unit IT budget, project capital/RCE expenditures and ROI.
Oversee the Business IT Expert team budget, project capital/RCE Expenditures
Continually look for opportunities for cost reductions and cost avoidance.
Compliance :
Responsible for compliance with applicable Corporate and Divisional policies and procedures.
Responsible for assessing the compliance of system solutions with regulatory requirements, inclusive of validation.
Understand business strategies (functional & geographic), current and future required business capabilities. Identifying gaps and opportunities for value creation.
Development of roadmaps containing sequencing of IT solution to facilitate the achievement of the business strategies.
Identify standardization of processes and support solutions.
Work with the business function/geography and IT Corporate functions to develop the different project business cases and value realization processes.
Facilitate the understanding and support the buy in of the Functional Roadmap to the key stakeholders in the function/geography.
Assess, align, filter and propose the country requirements to the regional forums in agreement with the functional/geographic GMs.
Ensure proper and regular communication of the status of solutions and services for the specific function/geography.
Identify and control IT functional/geography costs
Assess with the support of Security Officer organization and 3rd parties the current and future risk profile of the function/geography
Understand business strategies (functional & geographic), current and future required business capabilities. Identifying gaps and opportunities for value creation.
Leading people
Responsible for all aspects of people leadership for the Business IT Expert team; setting expectations, coaching, counseling, developing, evaluating, feedback, hiring, discipline and separation. Determine necessary skills set.
Confronts and deals with people issues in a constructive and timely manner. Responsible for overall morale of team and promotes cohesive attitude.
Establishes staffing/resources plans determining appropriate mix of sourcing opportunities. Responsible for overall organizational effectiveness.
EDUCATION :
Bachelors degree in computer science, business administration or another discipline relevant for the healthcare industry or equivalent experience.
Essential
QUALIFICATION REQUIREMENTS
7–10 years of IT experience in a large or mid‑sized multinational organization, with FMCG experience highly preferred. Broad IT expertise in various disciplines like system development, and including infrastructure. Additional experience in setting IT strategy and business IT alignment.
Good organizational skills, including program/project management governance.
Strong interdisciplinary, intercultural, influence, and networking skills.
Experience with vendor management
Business unit relevant business process knowledge, as related to IT
Strong influence and negotiating skills.
Preferred
Formal training and experience in recognised business analysis techniques
Knowledge of Abbott operations
Qualification in project management
Business process relevant business
Analyse complex business issues in an organisation that is globalising its business processes
Deep knowledge on relevant IT technologies and products.Business analysis within an IT environment
Experience leading teams - both with direct staff and indirect project teams.
KNOWLEDGE AND EXPERIENCE :
Good knowledge of (a) Digital Ecosystem solutions such across CRM, SFE, CLM, Digital Marketing, Loyalty, eCommerce and Analytics; and (b) Route to Market solution such as DMS, SFE, TPM and ERP.
Must be able to use that background as the basis for making assessments of the future requirements of ANI Asia Pacific and the advantageous impacts that decisions can deliver to our customers.
Understanding of the commercial value chain.
Understanding of sales and services solutions for customers, consumers and patients including related platform technologies and architectures.
Ability to learn technologies quickly.
History of achievement in project management, achieving timeline and resource targets.
Strong customer facing skills, with the ability to translate complicated technical needs for various non-technical audiences.
Excellent ability to influence internal and external stakeholders and build consensus, understanding the different priorities in various teams / departments.
Strong verbal and written communication skills are critical.
Strong trouble shooting and problem-solving skills.
Must be able to multitask in the role with little supervision and many demands from many constituents.
Positive attitude and a desire to drive modern technologies and solutions.
ADDITIONAL INFORMATION :
KEY RELATIONSHIPS :
Internal
Abbott Asia Pacific Business Stakeholders (including Level 3/4 Managers)
Project Steering Committees & other project teams
ANI Regional Head of IT
ANIT Lead Team
ANIT Business Relationship Managers
ANIT Business Analyst community
BTS Build & Run Teams
DTS & CDS Teams – Digital & CRM
Application and Infrastructure Teams
External
Work with external vendors as required including :
IT Strategic partners such as Deloitte, IBM and Cognizant
Local Asia Pacific marketing agencies
Local Asia Pacific and global software vendors.
Local Asia Pacific and global platform providers (i.e. Google, Amazon, Lazada, Microsoft).
Follow your career aspirations to Abbott for diverse opportunities with a company that can help you build your future and live your best life. Abbott is an Equal Opportunity Employer, committed to employee diversity.
Connect with us at www.abbott.com, on Facebook at www.facebook.com/Abbott and on Twitter @AbbottNews and @AbbottGlobal.",,linkedin
IT System Analyst,A.P. Moller - Maersk,,Ho Chi Minh City Metropolitan Area,,,,,"['Go', 'Git', 'Excel']",Full-time,Not Applicable,2026-06-14,,"Who We Are
Maersk is a global leader in integrated logistics and have been industry pioneers for over a century. Through innovation and transformation we are redefining the boundaries of possibility, continuously setting new standards for efficiency, sustainability, and excellence.
At Maersk, we believe in the power of diversity, collaboration, and continuous learning and we work hard to ensure that the people in our organization reflect and understand the customers we exist to serve.
With over 100,000 employees across 130 countries, we work together to shape the future of global trade and logistics.
Join us as we harness cutting-edge technologies and unlock opportunities on a global scale. Together, let's sail towards a brighter, more sustainable future with Maersk.
What We Offer
Maersk being the global leader in the industry, you’ll have the opportunity to work for a large global organization and get exposure to excellent processes and systems. You will join an organization that offers a challenging and rewarding career where everyone’s contribution is valued and rewarded.
On leadership and mentoring, Maersk has a nurturing management culture. Throughout their career, your leaders will support your ideas and provide necessary advice and training. You’ll be given the opportunity to prove yourself, as well as challenging work that develops your abilities.
On career development, there are wide range of roles in Maersk and Maersk has a very good career mobility program that establishes a culture of priority consideration to internal candidates and to encourage employees to take responsibility for managing their careers whether to move laterally or vertically.
Job Purposes
To deliver IT solutions to internal and external stakeholders, in-line with business objectives and operational requirements;
To provide professional IT service delivery;
To drive system usage, and support digitalization and innovation initiatives within MCL / MSK.
Location:
TBS Logistics, Di An, Binh Duong (no shuttle bus service)
Responsibilities:
Implementations
IT System Analyst
Joining workshops for drafting SDD / BusNar with internal and external stakeholders
Creating FBRs and any CRs from the workshops, including
integration technical requirements
dashboard and reporting requirements
new system functions
Performing system configuration and report development
Performing unit testing, system testing on the CRs, configuration, reports, and integration
Conducting Super User training, if required
Working with Super Users to create UAT scripts, and to assist the testing with operation users
Troubleshooting and coordinating resolution for issues found during testing
Providing support during Go-live and Hyper care period
Technical Support / BAU Request Support
First-level support to both implementation teams and ongoing operations.
Developing labels, reports, and interfaces as needed.
Providing post-production support to ensure system stability and issue resolution.
Coordinating with other technology teams (e.g., AOT, PE, GIT, and others) to address issues.
Driving process improvements, which may involve taking a leading role in projects or Change Requests (CRs).
Coordinating with various teams and informing operations and customers about planned downtimes, code freezes, and other system maintenance activities.
Education:
Bachelor’s Degree or higher
Qualification/Certification:
Computer Science, Information Technology, Information Management or equivalent practices Having CCNA, PMP, IELTS, TOEIC, etc. is a plus
Competencies:
Must-have
Work experience as developer, technical consultant or business analyst
Knowledge in one of supply chain execution (SCE) systems such as WMS, TMS, OMS, CMS, etc.
Good command of English skills
Programming skills using 1+ coding language, Excel VBA, and PowerBI
Able to work independently and proactively under minimal supervision
Attention to details and result-oriented mindset
Nice-to-have
Knowledge of ERP system, Ecom platform, Network & Infrastructure
Been working in global corporation and coordinating with multiple onsite and offsite teams
Excellent communication and presentation skills
Knowledge of B2B or B2C warehousing services in any of the following verticals: FMCG, Fashion and Apparel, X-dock, etc.
Maersk is committed to a diverse and inclusive workplace, and we embrace different styles of thinking. Maersk is an equal opportunities employer and welcomes applicants without regard to race, colour, gender, sex, age, religion, creed, national origin, ancestry, citizenship, marital status, sexual orientation, physical or mental disability, medical condition, pregnancy or parental leave, veteran status, gender identity, genetic information, or any other characteristic protected by applicable law.
We are happy to support your need for any adjustments during the application and hiring process. If you need special assistance or an accommodation to use our website, apply for a position, or to perform a job, please contact us by emailing accommodationrequests@maersk.com.","Maersk being the global leader in the industry, you’ll have the opportunity to work for a large global organization and get exposure to excellent processes and systems. You will join an organization that offers a challenging and rewarding career where everyone’s contribution is valued and rewarded.
On leadership and mentoring, Maersk has a nurturing management culture. Throughout their career, your leaders will support your ideas and provide necessary advice and training. You’ll be given the opportunity to prove yourself, as well as challenging work that develops your abilities.
On career development, there are wide range of roles in Maersk and Maersk has a very good career mobility program that establishes a culture of priority consideration to internal candidates and to encourage employees to take responsibility for managing their careers whether to move laterally or vertically.
Job Purposes
To deliver IT solutions to internal and external stakeholders, in-line with business objectiv...",linkedin
System Service Representative,IBM,,"Quân Phuong Ha Trai, Vietnam",,,,,"['Scala', 'Salesforce', 'Networking', 'Security']",Full-time,Mid-Senior level,2026-06-19,,"Introduction
At IBM Infrastructure & Technology, we design and operate the systems that keep the world running. From high-resiliency mainframes and hybrid cloud platforms to networking, automation, and site reliability. Our teams ensure the performance, security, and scalability that clients and industries depend on every day. Working in Infrastructure & Technology means tackling complex challenges with curiosity and collaboration. You’ll work with diverse technologies and colleagues worldwide to deliver resilient, future-ready solutions that power innovation. With continuous learning, career growth, and a supportive culture, IBM provides the opportunities to build expertise and shape the infrastructure that drives progress.
Your Role And Responsibilities
As a System Services Representative: Networking, you will act under the category of Support as a Service (SaaS) function, responsible for on-site installation, maintenance, and repair of Networking products. You will deliver technical support and operational services to clients, ensuring high-quality problem resolutions and driving client satisfaction.
Your Primary Responsibilities Will Include
Perform On-Site Installation and Maintenance: Install, maintain, and repair Networking products, such as Cisco, Juniper, and Teradata, at client sites. This includes performing services activities like Technical Delivery Assessment, installation planning, and account management.
Deliver Technical Support: Identify and resolve incidents, advise on potential resolutions and their implementation, and implement determined suggestions to the satisfaction of the customer. This requires an understanding of the technology, operating systems, associated software, and the functions and capabilities of the machine.
Collaborate with Support Centers: Work with professionals in different support centers and business units to achieve high-quality problem resolutions and ensure a high level of client satisfaction with service delivery.
Manage Critical Situations: Act as the IBM technical interface to clients during critical situations, managing the situation until the problem is fixed.
Maintain Technical Expertise: Demonstrate proficiency in HW and SW solutions by constantly updating Digital Technical Certifications and staying up-to-date with Soft Skills trainings.
Preferred Education
Bachelor's Degree
Required Technical And Professional Expertise
Exposure to Networking Products: Familiarity with installation, maintenance, and repair of Networking products, such as Cisco, Juniper, and Teradata, including associated software and operating systems.
Technical Problem-Solving: Experience working with technical problem determination, incident resolution, and implementing solutions to meet customer needs.
IT Service Delivery: Exposure to IT service delivery, including Technical Delivery Assessment, installation planning, and account management.
Collaboration Tools: Familiarity with IBM tools, such as Cognitive Support Platform (Salesforce) and Watson Einstein Analytics, to drive automation and improve effectiveness of client operations.
Technical Certifications: Experience with Digital Technical Certifications and staying up-to-date with technical training to demonstrate proficiency in HW and SW solutions.
Preferred Technical And Professional Experience
Hybrid Cloud Knowledge: Familiarity with Hybrid Cloud client environments, including infrastructure services, maintenance, and consultancy, is beneficial for providing onsite support and improving client operations.
IT Engineering Understanding: Knowledge in the areas of installation, customization, operation, recovery, tuning, and information technology engineering can aid in resolving complex technical issues and providing effective solutions.
Soft Skills Training: Experience with verbal and written communication, teamwork and collaboration, emotional intelligence, and critical thinking can enhance the ability to provide outstanding IBM service and ensure high client satisfaction.",,linkedin
Chuyên Viên Hỗ Trợ Kỹ Thuật CNTT,FiinGroup,,"Hanoi, Hanoi, Vietnam",,,,,"['Excel', 'ITIL', 'Active Directory', 'Firewall', 'VPN']",Full-time,Not Applicable,2026-05-22,,"Giới thiệu FiinGroup và Innovation
Được thành lập từ năm 2008, FiinGroup tự hào là đơn vị dẫn đầu trong mảng cung cấp dịch vụ thông tin tài chính, thông tin doanh nghiệp, thông tin thị trường và xếp hạng tín nghiệm thông qua các sản phẩm công nghệ. Chúng tôi tự hào là một doanh nghiệp FDI với các đối tác chiến lược nổi tiếng toàn cầu bao gồm Nikkei (công ty mẹ của Financial Times), QUICK, Ngân hàng Phát triển Châu Á (ADB) và gần đây nhất là S&P Global Ratings – Hãng Xếp hạng Tín nhiệm số một thế giới. Đồng hành cùng FiinGroup đồng nghĩa bạn được làm việc trong môi trường năng động, trẻ trung, chuyên nghiệp và luôn thay đổi không ngừng để tạo ra những chuẩn mực mới trong ngành.
Innovation là bộ phận giải quyết vấn đề Công nghệ của FiinGroup, đã và đang cung cấp đầy đủ các dịch vụ phát triển phần mềm, đặc biệt là trong lĩnh vực Tài Chính. Chúng tôi tập trung vào các giải pháp hiệu quả để giải quyết được các vấn đề phức tạp của khách hàng nhằm đem lại cho họ trải nghiệm tốt nhất.
Mô tả công việc
Hỗ trợ IT Văn phòng
Cài đặt hệ điều hành, phần mềm, hỗ trợ người dùng về các vấn đề kỹ thuật liên quan đến máy tính, mạng, các trang thiết bị điện tử phục vụ công việc
Yêu cầu/Đề nghị/Theo dõi tiến độ với các bên/nhà cung cấp các dịch vụ IT thực hiện các công việc theo nhu cầu phát sinh
Nâng cấp, bàn giao, thu hồi laptop với nhân viên mới/ nhân viên nghỉ việc tại khu vực làm việc
Nghiên cứu cập nhật các trang thiết bị, công nghệ, giải pháp để đề xuất ứng dụng nâng cao hiệu quả, tối ưu các công việc trong công ty
Bảo trì
Định kỳ kiểm tra các máy móc, hạ tầng để bảo trì, duy trì đảm bảo hoạt động ổn định, liên tục
Thống kê tài sản định kỳ, đề xuất mua bổ sung
Setup, giám sát, và xử lý sự cố cho hệ thống mạng LAN/WAN và các thiết bị mạng (switch, router, firewall...)
Yêu cầu
Học vấn: Tốt nghiệp Cao đẳng hoặc Đại học chuyên ngành Công nghệ thông tin, Hệ thống thông tin hoặc các ngành kỹ thuật liên quan.
Kinh nghiệm: Tối thiểu 02 năm làm việc thực tế tại vị trí IT Helpdesk, IT Support hoặc Kỹ thuật viên máy tính trong môi trường doanh nghiệp.
Hệ điều hành & Phần mềm:
Thành thạo cài đặt, cấu hình và xử lý lỗi trên Windows 10/11 và macOS.
Quản trị thành thạo bộ công cụ Microsoft Office 365 (Outlook, Teams, Excel, Word).
Có kinh nghiệm quản lý tài khoản người dùng trên Google Workspace hoặc Active Directory.
Phần cứng & Thiết bị văn phòng:
Có khả năng chẩn đoán và thay thế linh kiện máy tính (Laptop/Desktop).
Xử lý thành thạo các sự cố máy in, máy photocopy, điện thoại IP và hệ thống họp trực tuyến (Video Conference).
Mạng & Bảo mật:
Hiểu biết cơ bản về kiến trúc mạng TCP/IP, cấu hình Wi-Fi, LAN, WAN và kết nối VPN.
Kinh nghiệm triển khai phần mềm diệt virus và hỗ trợ sao lưu (backup) dữ liệu cho người dùng.
Chứng chỉ ưu tiên: Ưu tiên ứng viên có các chứng chỉ như CCNA, MCSA hoặc hiểu biết về quy trình ITIL.
Chế Độ
Thu nhập hàng tháng: Theo năng lực, có thể thỏa thuận. Tháng lương 13.
Thưởng năm theo năng lực, thưởng dự án và các mức thưởng khác theo Quy chế Thu nhập.
Các khoản phúc lợi: Thưởng Lễ, Tết, … bằng tiền theo Thỏa ước Lao động tập thể.
Chính sách BHXH, BHYT, BHTN, KPCĐ và các phúc lợi khác theo đúng quy định của Luật lao động và của Công ty.
14-16 ngày phép/ năm so với trung bình 12 ngày phép/năm trên thị trường.
Làm việc trong môi trường năng động, có cơ hội được đào tạo nâng cao nghiệp vụ thường xuyên.
Có cơ hội tiếp cận, làm việc trong môi trường tài chính, chứng khoán.
Được đào tạo về kỹ năng chuyên môn và kiến thức kinh tế, tài chính, hàng hóa.
Đối với Senior: Được đóng bảo hiểm Y tế của Bảo Hiểm Bảo Việt
Cơ hội thăng tiến sớm cho cá nhân tiêu biểu.
Khung giờ làm việc linh hoạt.
Trợ cấp các loại tuỳ theo đối tượng: phụ cấp điện thoại, phụ cấp gửi xe ô tô, trợ cấp kết hôn.
Gửi CV Email liên hệ: Talents@fiingroup.vn",,linkedin
IT Risk Management Office,VietinBank,,"Hanoi, Hanoi, Vietnam",,,,2.0,"['ITIL', 'Security', 'Cybersecurity']",Full-time,Mid-Senior level,2026-06-14,,"About the Role
Responsible for
Information Technology Risk Management (IT Risk)
and/or
Cybersecurity Risk Management
, including:
1. Framework, Policies & Governance
Develop and enhance IT risk management policies and frameworks
Issue regulations, standards, and control guidelines
Ensure alignment with State Bank of Vietnam regulations and international best practices
2. IT Risk Management Implementation
Identify and assess IT risks across systems and operations
Conduct RCSA (Risk & Control Self-Assessment) and risk assessments
Develop and maintain risk registers and risk maps
Monitor and provide early warning on IT risks
Maintain IT risk management systems/tools
Track risks across systems and branches
Establish alert mechanisms and dashboards
Assess compliance with IT and cybersecurity regulations
Follow up and enforce remediation actions
Monitor incidents and analyze risk trends
Track IT and cybersecurity incidents
Perform root cause analysis and issue system-wide alerts
3. Training & Risk Culture Development
Develop training materials and communication programs to strengthen IT operational risk management culture
Qualifications
1. Education
Bachelor’s degree (full-time) in:
Information Technology, Mathematics, Applied Mathematics, Telecommunications, or related fields
Specialization in IT Risk Management or equivalent is preferred
2. Professional Knowledge
Strong understanding of legal frameworks, regulations, and best practices related to IT systems
Solid knowledge of IT systems and cybersecurity-related risks
3. Experience
Minimum
2 years of experience
in IT or related fields
Preference for candidates holding international certifications such as:
COBIT5, ITIL, CISSP, CISA
Experience in implementing standards such as:
ISO 27001 (Information Security Management System)
Circular 09/2020/TT-NHNN (IT system security in banking)
is an advantage
4. Skills & Competencies
Strong ability to work independently and proactively
Logical thinking with strong analytical and problem-solving skills
Ability to work effectively under pressure and in teams
Strong communication and influencing skills
Good task and time management skills
Ability to collaborate across departments and branches
Proficiency in English, with the ability to work independently with international experts",,linkedin
Chuyên viên vận hành hệ thống,Công ty Cổ phần Cơ điện lanh Đại Việt,,"Ho Chi Minh City, Ho Chi Minh City, Vietnam",,,,,"['Linux', 'VMware']",Full-time,Not Applicable,2026-03-23,,"Mô tả công việc
Nhiệm vụ
Đảm bảo hệ thống ứng dụng luôn hoạt động đúng chức năng thiết kế.
Đảm bảo hạ tầng máy chủ, SAN, Backup management hoạt động hiệu quả.
Công việc phụ trách
Cài đặt, vận hành phần mềm của nhà trường.
Vận hành hệ thống SAN, backup management, anti-virus center.
Tham gia triển khai dự án, hỗ trợ xử lý sự cố, tối ưu hệ thống.
Viết tài liệu kỹ thuật.
Yêu cầu
Chứng chỉ/Bằng cấp
Tốt nghiệp ĐH/CĐ chuyên ngành lập trình.
Đã tham gia các khóa học về Microsoft: MCSA, MCSE.
Đã tham gia khóa học về ảo hóa VMWare, khóa học Linux LPI.
Kinh nghiệm
Trên 2 năm kinh nghiệm vận hành hệ thống.
Kinh nghiệm triển khai dự án hạ tầng CNTT.
Kỹ năng làm việc nhóm, chịu được áp lực công việc.
Đại học",,linkedin
IT Operation and Compliance Specialist,Futurify,,"Ho Chi Minh City, Vietnam",,,,4.0,"['DevOps', 'REST', 'Security']",Full-time,Entry level,2026-06-14,,"Job Description
This role is responsible for establishing, implementing, and maintaining the organization's information security and compliance posture, with a primary focus on achieving and sustaining industry certifications. The specialist will handle the operational execution of compliance requirements, allowing the DevOps team to focus on core infrastructure tasks.
[What you'll do]
I. Compliance and Governance Management
Policy and Framework Development:
Develop, implement, and maintain the Information Security Management System (ISMS) policies, procedures, and internal controls in alignment with organizational objectives.
Certification Leadership:
Lead and drive the process for obtaining and maintaining key certifications, including
ISO 27001
and
SOC 2 Type II
, by formalizing and documenting all required security management processes.
Regulatory Monitoring:
Monitor and stay informed of new industry regulations, laws, and best practices (e.g., GDPR, PCI DSS) to ensure proactive compliance and update internal policies accordingly.
II. Audit and Risk Management
Vanta Compliance Management:
Administer the
Vanta
platform, including connecting system integrations, reviewing failing checks, and driving the resolution of compliance gaps identified by the tool.
Risk Assessment and Remediation:
Conduct regular internal audits, security assessments, and risk assessments to identify vulnerabilities, non-compliance issues, and risks related to accounts, network, and devices.
Audit Support:
Coordinate and serve as the primary liaison for internal and external audits (including communications with auditors like Vanta), ensuring all required evidence, documentation, and remediation plans are prepared and executed in a timely manner.
Action Tracking:
Continuously monitor compliance initiatives, managing action plans and following up with relevant stakeholders to ensure mandated actions and corrective measures are completed.
III. IT Operations and Security Controls
Access Control:
Define and enforce security controls for identity and access management, including confirming
SSO
coverage, mandating
Multi-Factor Authentication (MFA)
for critical systems, and running privileged access reviews.
User Lifecycle Management:
Document, implement, and validate the
Joiner, Mover, and Leaver (JML)
processes to ensure controlled user access throughout the employee/contractor lifecycle.
DevOps Collaboration:
Work closely with the DevOps teams and Dev teams to integrate security and compliance requirements directly into the system development lifecycle (SDLC), change management, and infrastructure as code.
Infrastructure Assurance:
Ensure all critical systems adhere to security best practices regarding logging, monitoring, secrets management, vulnerability scanning, patch management, and backup/restore validation.
IV. Coordination and Reporting
Documentation:
Maintain comprehensive, up-to-date documentation for all IT compliance activities, policies, and internal controls.
Training and Awareness:
Implement and coordinate security training and awareness programs to ensure employees and third parties understand and adhere to information security policies and their ongoing responsibilities.
Reporting:
Prepare accurate compliance reports, key performance indicators (KPIs), and status updates for management to communicate the organization's compliance posture and cyber-security risks.
[Requirements]:
At least 3 - 4 years of experience in equivalent or related roles.
Strong communication skills in English, both written and verbal, for effective collaboration.
Experience with compliance automation and audit readiness tools, specifically
Vanta.
Familiarity with access control platforms and standards, including
JumpCloud
and
SSO
.
Strong background in device security and applying controls across corporate IT infrastructure.
Ability to work across teams (Vietnam, Canada, US) to guide them through implementing IT and security controls  and applying compliance frameworks.
[Why You'll Love Working Here]
All members are encouraged to raise their own ideas to grow.
Hybrid working allowed
Full salary during the probation period
13th month salary
Annual Salary Review
Premium Healthcare Insurance
Annual Health Checks
Annual company trip
Be rewarded for achievements that more than expected
Paid time off: 18 days per year
Happy hour every Friday (4pm - 5pm)
Office is an open space where has no private room for C-level executives. Freestyle dress code. Flexible working hours.",,linkedin
Tuyển nhân viên kỹ thuật sơ cấp sửa Laptop-PC,Vi,,"Ho Chi Minh City, Ho Chi Minh City, Vietnam",,,,,[],Full-time,Not Applicable,2026-04-22,,"Mô tả công việc
Mô Tả Công Việc
CTY Vi Tính Võ Minh tuyển nhân viên kỹ thuật Laptop-PC (2 vị trí):
Mức lương theo năng lực từ: 5.800.000 đ - 8.000.000 đ.
(có thưởng doanh số)
Kinh nghiệm: ít nhất 6 tháng đã từng làm vị trí tương tự.
Trình độ: trung cấp.
Tính chất công việc: Giờ hành chính từ 8h-12h và 13h30-18h (trừ Chủ Nhật).
Bằng cấp: Không yêu cầu bằng cấp, nam từ 20-30 tuổi.
Hình thức làm việc: Nhân viên chính quy.
Trung cấp",,linkedin
Cloud Engineer,Accenture,,"Ho Chi Minh City, Vietnam",,,,5.0,"['Python', 'Docker', 'Kubernetes', 'AWS', 'Azure', 'GCP', 'Terraform', 'Git', 'CI/CD', 'ITIL', 'VMware']",Full-time,Mid-Senior level,2026-06-19,,"Job Description
Co-design, deploy, manage, optimize, and automate application infrastructure (using IaC processes) on public/private cloud (Azure, GCP, AWS, …)
Manage service request/change plus anticipate/manage/troubleshoot system and applications issues.
Provide & support for automation/improvement initiatives.
Maintain documents, procedures, and technical guides.
Provide direct and indirect support to customers (internal or external);
Understand customer demands and propose best solutions.
Provide cross-training for other team members.
Must have
5 years of experience in at least one of public cloud (Azure/GCP) and/or virtualization (VMware)
Experience in containers (Kubernetes, Docker)
Proficiency in Infrastructure as Code (IaC): Terraform (required), Bicep, CloudFormation.
Scripting (Python and/or Bash and/or PowerShell)
Experience in Git and CI/CD
Advanced English proficiency (written and spoken)
Nice to have
BSc/MSc in Computer Science & Engineering or equivalent
Around 3 years of experience System administration
Any certificate in System management
Cloud and management certificates (such as Container management certificate (CKA); ITIL foundation
Automation mindset
You are defined by the following autonomous, curious, and technologic enthusiast. You can take ownership of projects and drive them to completion.
Self-organized, skill in prioritizing and balancing multiple tasks.
Skill in establishing and maintaining cooperative working relationships and promoting teamwork.
Customer oriented approach",,linkedin
Information Technology Auditor,VietinBank,,"Hanoi, Hanoi, Vietnam",,,,,"['Python', 'SQL', 'AI', 'Power BI', 'Excel', 'Security', 'Cybersecurity']",Full-time,Mid-Senior level,2026-06-14,,"IT Auditor (Infrastructure / Cybersecurity / Application & Data)
What you’ll do
Perform IT audits (ITGC, ITAC, Cybersecurity) to assess internal controls, IT risk management, and operational effectiveness.
Identify and analyze IT risks (infrastructure, applications, data, security); propose actionable recommendations to strengthen controls.
Plan and execute audit engagements; lead audit assignments depending on seniority.
Prepare audit reports and monitor remediation progress with stakeholders.
Advise business and IT teams on IT controls, risk management, and internal control improvements.
Contribute to the development of audit methodologies, policies, and tools; leverage data analytics and AI in audit activities.
Perform data analysis (SQL, BI, CAATs) and support the development of audit/monitoring tools.
Stay updated on technology trends, cybersecurity risks, and support related initiatives/projects
What we’re looking for
Bachelor’s degree or above (IT, Computer Science, Telecommunications, Mathematics, or related fields).
English proficiency (equivalent to IELTS 5.5+ / TOEIC 700+).
Solid understanding of IT systems, cybersecurity, and IT risk management.
Experience (one of the following):
Infrastructure:
3+ years in IT audit or IT risk/infrastructure management.
Cybersecurity:
5+ years in information security + exposure to IT audit; familiarity with ISO 27001/NIST is a plus.
Application & Data:
5+ years in IT; experience in IT audit or IT risk is preferred.
Knowledge of frameworks: COBIT, COSO, ISO 27001.
Data analytics skills (SQL, Python, Power BI, Excel).
Strong analytical thinking, communication, and problem-solving skills.
Preferred: CISA or equivalent certifications; experience in banking/financial services
Detail Link: https://tuyendung.vietinbank.vn/tuyendung/thong-tin-tuyen-dung/TSC202604519T00583",,linkedin
Junior End User Onsite Support,DXC Technology,,"Ho Chi Minh City, Vietnam",,,,2.0,['ServiceNow'],Full-time,Not Applicable,2026-06-07,,"Job Description
A full-time position working at designated client site, required to provide high-quality, onsite technical and troubleshooting services covering below support activities within the required SLA time frame
Hardware support: technical diagnosis and coordination with OEM vendors for repair of defective hardware for a variety of devices including desktops/laptops/workstations, mobile devices, tablets, meeting room equipment, printers etc.
Software support: diagnosis and resolution of software functionality for both the operating system and standard desktop applications
IMACD: physical installations, moves, adds, changes, and de-installs for a wide variety of supported hardware devices including desktops/laptops/workstations, mobile devices, tablets, meeting room equipment, printers and etc. and supported software
Enhanced support for VIP users including 7x24 on-call support
Coordinate with infrastructure teams to resolve issues with network, servers or other infrastructure devices or services that impact the normal work of end users
Support hardware and software changes (e.g. hardware device change/refresh, system upgrade/migration, patch update, etc.) for end users
Asset management support for end user devices by following defined processes
Provide smart hand support for all kinds of hardware such as printers, servers, network devices, backup devices, meeting room equipment, scientific devices etc.
Onsite support for events such as trade shows or special meetings
Regular checks for IT Room devices and Meeting Room equipment when required
Deployment services for large-scale efforts include asset auditing and discovery, project support, image integration, on-site installation, user self-installation, migration, and asset recovery governed with full project status and reporting
Requirements
2-3 years of deskside support experience (MNC support experience and VIP support experience preferred)
Experience in using ServiceNow is preferred
Good deskside support technical skills and basic infrastructure knowledge
Good communication and coordination skills
Good English reading/writing/speaking skills (for non-English speaking countries); Fluent English in both writing and speaking (for English speaking countries)
Be polite, patient, helpful
Have a good sense of service mindset
Have a good capacity of adaptability
Willing to work overtime when required
At DXC Technology, we believe strong connections and community are key to our success. Our work model prioritizes in-person collaboration while offering flexibility to support wellbeing, productivity, individual work styles, and life circumstances. We’re committed to fostering an inclusive environment where everyone can thrive.
Recruitment fraud is a scheme in which fictitious job opportunities are offered to job seekers typically through online services, such as false websites, or through unsolicited emails claiming to be from the company. These emails may request recipients to provide personal information or to make payments as part of their illegitimate recruiting process. DXC does not make offers of employment via social media networks and DXC never asks for any money or payments from applicants at any point in the recruitment process, nor ask a job seeker to purchase IT or other equipment on our behalf. More information on employment scams is available
here
.",,linkedin
Senior IT Service Specialist,FedEx,,Ho Chi Minh City Metropolitan Area,,,,,['Express'],Full-time,Not Applicable,2026-06-14,,"Regional IT; Provides Remote; On-Site; or Depot Technical Support to Fedex Operations Staff; Fedex Customers; & 3Rd Party Organizations in the Diagnostics; Maintenance; & Support of all Electronic Technologies; Networks; & Software Applications Deployed; Performs Technical Support Problem Resolution & Provides Input to the Isolation & Resolution of Component; Network; Hardware; & Software Problems
What You Will Do
Responsible for providing technical support remotely or on-site to FedEx operations staff, customers, and third-party organizations, diagnosing, maintaining, and resolving issues related to electronic technologies, networks, and software applications to minimize disruption and ensure optimal performance. The role also involves for utilizing troubleshooting techniques, interacting with stakeholders, documenting activities, and providing training to users, effectively addressing technical support needs and promoting proper usage of electronic technologies and software applications within the FedEx network.
Provide technical support remotely, on-site, or at station locations to FedEx operations staff, customers, and third-party organizations.
Diagnose and perform maintenance on electronic technologies, networks, and software applications deployed within the FedEx network.
Resolve technical support problems and contribute to isolating and resolving issues related to components, networks, hardware, and software.
Address incidents reported by users, ensuring timely resolution and minimal disruption to operations.
Utilize troubleshooting techniques to identify and address technical issues, ensuring optimal performance of electronic systems and software applications.
Interact with customers and stakeholders to understand and address their technical support needs effectively.
Document technical support activities, including problem resolution steps, for reference and future troubleshooting.
Provide training and education to users on the proper use of electronic technologies and software applications.
Act as local first point of contact for contract management and negotiation.
Translator for regional teams for local communication, especially with local telco & vendors.
You will be a great fit if you
Education: Bachelor’s degree in computer science, engineering, information systems or related field.
Experience: Minimum five (5-7) years Relevant work experience in installing, maintaining and diagnosing failures in information technology, voice and data communications or IT systems based on the following number of years:
Knowledge, Skills and Abilities
Fluency in English
Basic network background is preferred
Analytical Skills
Problem Solving Skills
Judgement & Decision Making Skills
Influencing & Persuasion Skills
Interpersonal Skills
FedEx was built on a philosophy that puts people first, one we take seriously. We are an equal opportunity/affirmative action employer and we are committed to a diverse, equitable, and inclusive workforce in which we enforce fair treatment, and provide growth opportunities for everyone.
All qualified applicants will receive consideration for employment regardless of age, race, color, national origin, genetics, religion, gender, marital status, pregnancy (including childbirth or a related medical condition), physical or mental disability, or any other characteristic protected by applicable laws, regulations, and ordinances.
Our Company
FedEx is one of the world's largest express transportation companies and has consistently been selected as one of the top 10 World’s Most Admired Companies by ""Fortune"" magazine. Every day FedEx delivers for its customers with transportation and business solutions, serving more than 220 countries and territories around the globe. We can serve this global network due to our outstanding team of FedEx team members, who are tasked with making every FedEx experience outstanding.
Our Philosophy
The People-Service-Profit philosophy (P-S-P) describes the principles that govern every FedEx decision, policy, or activity. FedEx takes care of our people; they, in turn, deliver the impeccable service demanded by our customers, who reward us with the profitability necessary to secure our future. The essential element in making the People-Service-Profit philosophy such a positive force for the company is where we close the circle, and return these profits back into the business, and invest back in our people. Our success in the industry is attributed to our people. Through our P-S-P philosophy, we have a work environment that encourages team members to be innovative in delivering the highest possible quality of service to our customers. We care for their well-being, and value their contributions to the company.
Our Culture
Our culture is important for many reasons, and we intentionally bring it to life through our behaviors, actions, and activities in every part of the world. The FedEx culture and values have been a cornerstone of our success and growth since we began in the early 1970’s. While other companies can copy our systems, infrastructure, and processes, our culture makes us unique and is often a differentiating factor as we compete and grow in today’s global marketplace.",,linkedin
Trưởng phòng Hệ thống Thông tin (HN),Công ty Cổ phần Viễn thông 3G,,"Hanoi, Hanoi, Vietnam",,,,,[],Full-time,Not Applicable,1 year ago,,"Mô tả công việc
Quản lý và chịu trách nhiệm trước Ban lãnh đạo về toàn bộ hoạt động của hệ thống mạng, hệ thống thông tin,hệ thống máy chủ và dữ liệu của toàn Công ty.
Là người đại diện cho Công ty để giải quyết các công việc liên quan đến hệ thống thông tin và thiết bị với các đơn vị bên ngoài khi cần thiết.
Xây dựng kế hoạch dài hạn để quản lý và phát triển hệ thống CNTT toàn công ty.
Hoạch định nguồn lực vận hành cho bộ phận và toàn hệ thống trên phạm vi Tinhvân Group.
Quản lý và điều phối nhằm duy trì hoạt động, xử lý các sự cố của hệ thống trong Tinhvân Group.
Quản lý hạ tầng CNTT.
Quản lý và điều phối hỗ trợ các đơn vị triển khai dự án cho khách hàng về hệ thống mạng, tích hợp hệ thống, an ninh bảo mật.
Chịu trách nhiệm về an ninh thông tin và an toàn dữ liệu trong Công ty.
Phân công công việc và đảm bảo BTH-HTTT hoạt động tốt, là bộ phận hỗ trợ hiệu quả, tạo ra môi trường làm việc ổn định, chuyên nghiệp cho bộ phận quản lý cũng như toàn Công ty
Phối hợp hiệu quả với các bộ phận/ban khác thực hiện các công việc được BLĐ giao.
Nghiên cứu ứng dụng các giải pháp CNTT phù hợp và mang lại hiệu quả cao trong hoạt động của công ty.
Đại học",,linkedin
"IT Endpoint Engineer (Intune, MECM)",SCC,,Ho Chi Minh City Metropolitan Area,,,,,"['Scala', 'SQL', 'ITIL']",Full-time,Associate,2026-06-14,,"Role Purpose
The End User Services & Compliance VN Support Engineer provides first-line operational support for End User Services and Compliance activities across customer environments. The role focuses on monitoring, execution of standard tasks, initial troubleshooting, documentation, and timely escalation, while developing technical skills in Microsoft endpoint, patching, and compliance technologies under the guidance of senior engineers.
This position is ideal for an early-career IT professional seeking hands-on exposure to enterprise endpoint management, compliance operations, and ITIL-based service delivery.
Key Responsibilities
Operational Support (L0 / First Line)
Perform routine and predefined tasks related to patching, endpoint compliance, and system health using established procedures and runbooks.
Monitor patching, deployment, and compliance dashboards (WSUS, MECM, Intune) and report anomalies or failures.
Provide initial triage for incidents related to End User Services & Compliance and escalate to L1/L2 teams as required.
Execute basic remediation steps following documented work instructions.
Endpoint & Compliance Activities
Assist with patch deployment validation and post-patching checks across customer environments.
Support endpoints build and image maintenance activities under supervision.
Assist in basic Intune and MECM administrative tasks, including device checks, policy verification, and deployment status reviews.
Support Mobile Device Management (MDM) and Mobile Application Management (MAM) activities using predefined procedures.
Documentation & Process Support
Follow and maintain standard operating procedures, work instructions, and runbooks.
Update documentation based on executed tasks and observed issues.
Support continuous improvement by raising improvement suggestions to senior team members.
Communication & Service Delivery
Communicate clearly and professionally with internal teams regarding task status, incidents, and escalations.
Ensure activities are delivered in line with SLA requirements and ITIL practices.
Maintain a customer-focused mindset, ensuring accuracy and attention to detail in all tasks.
Learning & Development
Build foundational knowledge of Microsoft endpoint and compliance technologies.
Stay informed about Microsoft product updates relevant to End User Services & Compliance.
Actively participate in training, knowledge sharing, and coaching sessions.
Person Specification
Technical Skills & Knowledge (Foundational)
Basic understanding of Microsoft Windows environments (on-premises and cloud concepts).
Understanding and basic use of endpoint management tools such as WSUS, MECM, or Intune.
Basic understanding of:
Patch Management
Application Management
Build Management
MDM / MAM concepts
Vulnerability and compliance principles
Basic understanding of Microsoft 365 services and concepts.
Exposure to virtualized server environments.
Basic understanding of PowerShell scripting.
Basic knowledge of SQL databases.
Experience & Qualifications
Medium knowledge of Windows 11, MECM, Intune, and mobile device management.
ITIL knowledge or foundational knowledge of Incident, Problem, and Change Management.
Willingness to work in a structured, process-driven environment.
Great communication skills in
spoken and written English
– minimum B1 (equivalent to Level 3 of the Vietnam 6-Level Framework).
Soft Skills & Behaviors
Strong attention to detail and ability to follow documented procedures.
Positive,
can-do attitude
with willingness to learn.
Ability to work effectively within a
team-oriented environment
.
Professional approach when working in
demanding customer environments
.
Strong work ethic and accountability for assigned tasks.
Customer-focused mindset with commitment to service quality.",,linkedin
Floor Supervisor,The Grand Ho Tram,,"Ho Chi Minh City, Ho Chi Minh City, Vietnam",,,,,[],Full-time,Not Applicable,2026-06-18,,"Table Games
Work Location
Ho Chi Minh (Ho Tram Commune)
Job LevelExperienced (Non - Manager)
Job TypePermanent
QualificationHigh School / Equivalent
Experiences2 Years
SalaryNegotiable
IndustryCasino,Table Games
Deadline to Apply01/07/2026
Apply Now Not ready to apply?
ShareFacebookLinkedin
Save to my jobs
Job Description
Supervise assigned gaming table in a professional manner, with strict adherence to the procedures as outlined in the Department Operation Manual. Giám sát các bàn chơi bài được phân công với tác phong chuyên nghiệp, tuân thủ nghiêm ngặt các quy đình đã nêu trong hướng dẫn hoạt động của bộ phận.
Must be well versed with the existing Rules and Regulation of the game and the Code of conduct as laid out by the Company’s Policy under his supervision. Thông thạo với quy tắc hiện hành, điều lệ các trò chơi và nguyên tắc quản lý được đưa ra bởi chính sách của công ty trong quá trình giám sát bàn.
Ensure the integrity and accuracy of all transactions in assigned gaming table, and notify the Pit Manager of any unusual activity. Đảm bảo tính toàn vẹn và tính chính xác của tất cả các giao dịch trên bàn chơi được phân công và thông báo cho Quản Lý Khu Vực về bất kỳ hoạt động bất thường nào.
Account for the gaming activity at the assigned gaming table. To update and notify the Pit Manager of any substantial winning / losses. Tính toán các hoạt động đặt cược trên bàn chơi bài được phân công. Cập nhật và thông báo cho Quản Lý Khu Vực về bất kì cược thắng/thua lớn.
Supervise the opening and closing of gaming tables. Ensure that all inventories are accurate and correctly recorded. Authorize and record all table fills and credits. Giám sát việc mở và đóng bàn trò chơi. Đảm bảo rằng tất cả các bảng thống kê là đúng và được sao lưu chính xác. Được ủy quyền để chuyển các lệnh về yêu cầu và thu hồi phỉnh đặt cược.
Monitor and provide feedback on the gaming activity of all patrons in assigned gaming table defined as “Rated Players”. Giám sát và cung cấp thông tin phản hồi về các hoạt động đặt cược của tất cả khách trên bàn chơi, được định nghĩa là “Người chơi được cập nhật thông tin”.
Interact with customers in a courteous, friendly manner and ensure the dealers do the same. To look into the patrons’ need and be approachable at all time. Giao tiếp với khách hàng một cách thân thiện và lịch sự, đảm bảo rằng các nhân viên chia bài cũng làm như vậy. Hiểu rõ nhu cầu của khách hàng và luôn sẵn lòng phục vụ khách.
To project good company image. To uphold Company’s policy and not to divulge official matter that is confidential. Phản chiếu hình ảnh tốt đẹp của công ty. Duy trì chính sách của công ty và không tiết lộ các vấn đề nội bộ, đây là thông tin tuyệt mật.
Have good rapport and recognize the worth and ability of the subordinates. Có mối quan hệ tốt và ghi nhận giá trị, khả năng của cấp dưới.
Performs other job-related duties. Thực hiện các nhiệm vụ khác liên quan đến công việc.
Job Requirement
Completed High School is required or above. Yêu cầu tốt nghiệp Trung Học Phổ Thông trở lên.
2 years dealing knowledge of at least 4 to 5 games. Có 2 năm kinh nghiệm với ít nhất 4-5 loại trò chơi.
Ability to operate electronic table game devices. Có khả năng vận hành các loại thiết bị điện tử phục vụ trò chơi.
Must present a well groomed and professional appearance. Phải luôn thể hiện tác phong và diện mạo chuyên nghiệp.
Must be able to lead and get along with co-workers as a team. Phải có khả năng dẫn dắt và hòa nhập với đồng nghiệp như là một đội.
Must be flexible, with the ability to work some evenings, weekends, and holidays. Phải linh hoạt, với khả năng làm việc vào ca đêm, cuối tuần và các ngày lễ.
Job tags:Floor Supervisor",,linkedin
IT ENGINEER,AvePoint,,"Hanoi, Hanoi, Vietnam",,,,,['Security'],Full-time,Not Applicable,2026-06-07,,"Job description
Provide end-user support for hardware/software issues.
Maintain documentation and coordinate trainings.
Maintain and resolve problems with hardware, software, and network connectivity.
In charge of helpdesk work and help office users resolve IT related productivity issues.
Manage IT hardware assets and maintain the inventory information and work with related team on IT assets audit.
Other tasks assigned from IT Manager/Office Manager.
Requirements
College or university graduated, major in computer science or IT or equivalent.
Be familiar with PC management and Windows system configurations.
Have a good sense of security operation and change management process.
Have a great teamwork spirit.
Focus and passion with IT technology.
Communication in English is essential.
Data center/server room maintenance experience is a plus.
Familiar with AD/Window Server services is a plus.
Familiar with Cloud Infra is a plus.
Work Location
Floor 4, The Artemis, Le Trong Tan street, Thanh Xuan district, Ha Noi
Benefits
5-day workweek
Performance review 2 times/year
Young & vibrant working environment with great career development opportunities
Social insurance, medical insurance, unemployment insurance, are based on actual salary
Yearly performance bonus (up to 2 months’ salary)
Regular team building events & internal activities (weekly happy hour, quarterly team building events, Lunar New Year parties, etc.)
Any personal data you share with us during the application process will be processed strictly in compliance with applicable data protection laws and our Privacy Notice.","5-day workweek
Performance review 2 times/year
Young & vibrant working environment with great career development opportunities
Social insurance, medical insurance, unemployment insurance, are based on actual salary
Yearly performance bonus (up to 2 months’ salary)
Regular team building events & internal activities (weekly happy hour, quarterly team building events, Lunar New Year parties, etc.)
Any personal data you share with us during the application process will be processed strictly in compliance with applicable data protection laws and our Privacy Notice.",linkedin
Information Technology Infrastructure Specialist,CHILISIN ELECTRONICS (VIETNAM) LTD.,,"Hai Phong, Hai Phong City, Vietnam",,,,,[],Full-time,Associate,2026-06-15,,build and maintain infrastructure,,linkedin
Product Intern/Fresher,Flowmingo AI,,"Ho Chi Minh City, Ho Chi Minh City, Vietnam",,,,,"['Go', 'Rust', 'REST', 'AI']",Internship,Not Applicable,2026-06-07,,"Shape the Future of AI Collaboration at a YC-Backed AI Hiring Startup
The Product Challenge
As a Product Intern/Fresher, you will focus on the ""User Journey.""
Thousands of candidates use our platform every day. Your job is to figure out what makes them tick. Why do they sign up? Where do they drop off? How can we make the product so valuable that they advocate for it?
What You Will Do
Product Ideation & Strategy: You won't just execute; you will brainstorm. You will identify user pain points and propose new features that drive growth and engagement.
Cross-Functional Collaboration: You will be the glue between teams. You'll work with Engineering on feasibility, Marketing on launch messaging, and Operations to understand real-time user feedback.
Funnel Optimization: You will analyze data to find leaks in our user journey. Example: ""Only 40% of users complete their profile. How do we increase that to 60%?""
Feature Specs & Documentation: You will write clear, simple requirements for new features and help maintain our product roadmap.
Product Testing (QA): You will be hands-on in testing new features before they launch, ensuring the user experience is polished and bug-free.
Launch Management: You will help coordinate feature releases, ensuring that all teams (Marketing, Ops, Tech) are aligned for a successful rollout.
Who You Are
Data-Driven Intuition: You love looking at numbers to prove your point, but you also have empathy for user psychology.
Clear Communicator: You can explain complex ideas simply. You love writing clear requirements.
Entrepreneurial Spirit: You are interested in how a product grows from zero to one. You want to learn about Product-Led Growth (PLG) and viral loops.
Design Eye: You don't need to be a designer, but you should have a good sense of what looks ""clean"" and ""trustworthy.""
Bonus: A strong interest in tech products, data analytics, or coding. You don't need to be a developer, but a curiosity about how software is built ""under the hood"" is a huge plus.
Compensation & Benefits
Competitive Remuneration: Monthly compensation tailored to your experience level.
The YC Playbook: Learn how Silicon Valley startups build and scale products.
Real Impact: You will see your ideas go live and directly affect the user experience for thousands of people.
Mentorship: Work closely with the Founder and Product team.
Application Process
Apply now.
We review applications on a rolling basis. Show us you understand
why
users behave the way they do.","Competitive Remuneration: Monthly compensation tailored to your experience level.
The YC Playbook: Learn how Silicon Valley startups build and scale products.
Real Impact: You will see your ideas go live and directly affect the user experience for thousands of people.
Mentorship: Work closely with the Founder and Product team.
Application Process",linkedin
IT Business Analyst I Vietnam relocate to Georgia,PixelChain,,Ho Chi Minh City Metropolitan Area,,,,5.0,"['SQL', 'Agile', 'Scrum', 'Excel', 'Jira', 'Confluence', 'Figma']",Full-time,Mid-Senior level,2026-05-22,,"Our client is a
software development and digital solutions company
serving clients across the FinTech, iGaming, and Marketing sectors. The company has successfully delivered
20+ innovative products
across
5 international markets
, including Brazil, Armenia, Saudi Arabia, and the UAE. The company is now launching a new project in
Georgia
.
⟢
Responsibilities
:
Collaborate with product managers and business teams to gather, analyze, and document product requirements.
Translate business needs into clear, actionable user stories and functional specifications.
Work closely with engineering teams to ensure proper understanding and implementation of product requirements.
Conduct competitor and market research to identify trends and propose product improvements.
Analyze user behavior and transaction data to evaluate product performance and suggest optimizations.
Support the QA team during UAT (User Acceptance Testing) to ensure business requirements are met.
Facilitate workshops, sprint planning, and backlog grooming sessions with cross-functional teams.
Continuously improve documentation processes and internal workflows.
⟢
Requirements
:
5+ years of experience as a Business Analyst in a tech/product or E-commerce company.
Strong understanding of E-commerce platforms, online shopping workflows, and customer journey optimization.
Excellent analytical and problem-solving skills.
Proficiency in writing clear and concise documentation (BRD, PRD, user flows, etc.).
Experience with tools such as Jira, Confluence, Figma, or similar.
Strong communication skills able to interface with both technical and non-technical stakeholders.
Knowledge of SQL or analytics tools (e.g., Google Analytics, Mixpanel) is a plus.
Fluent in English (written and spoken).
Nice to Have:
Experience working in Agile/Scrum environments.
Background in UX research or product analytics.
⟢ Benefits:
Discover the unique blend of European and Russian culture that defines life in Georgia.
Official employment in compliance with Georgia labor law
Partial coverage for breakfast and lunch
Relocation package, including flight tickets and 4-8 weeks of accommodation in a company apartment
Home visit benefit 2 flight tickets/year to reunite with your family
Hybrid working & flexible hours
Annual fitness budget for employees
Multinational team with members from 16 countries, diverse yet supportive
⟢ Recruitment Process:
HR Interview
Technical Interview
Background Check
Offer
The three-month
probation period for this position requires training in
Dubai, UAE
. Following probation, the role will be based in
Tbilisi, Georgia
. The company will cover all relocation expenses.","Discover the unique blend of European and Russian culture that defines life in Georgia.
Official employment in compliance with Georgia labor law
Partial coverage for breakfast and lunch
Relocation package, including flight tickets and 4-8 weeks of accommodation in a company apartment
Home visit benefit 2 flight tickets/year to reunite with your family
Hybrid working & flexible hours
Annual fitness budget for employees
Multinational team with members from 16 countries, diverse yet supportive
⟢ Recruitment Process:
HR Interview
Technical Interview
Background Check
Offer
The three-month
probation period for this position requires training in
Dubai, UAE
. Following probation, the role will be based in
Tbilisi, Georgia
. The company will cover all relocation expenses.",linkedin
JOB DESCRIPTIONS FOR IT LEADER,PVS Solution,,Ho Chi Minh City Metropolitan Area,,,,,[],Full-time,Not Applicable,2026-01-22,,"THÔNG TIN CHUNG
Ngày đăng: 14/09/2023
Cấp bậc: Nhân viên
Số lượng tuyển: 2
Hình thức làm việc: Toàn thời gian
Yêu cầu bằng cấp: Cao Đẳng / Đại Học
Yêu cầu kinh nghiệm: 1 năm
Ngành nghề: Chuyên ngành CNTT
PVS SOLUTION – THINK BIG, START FAST, DO SMALL
Tuyển dụng vị trí IT Leader tại HCM
MÔ TẢ CÔNG VIỆC
Kiểm tra và tham gia tìm hiểu các tính năng mới, hợp tác với bộ phận Product
Báo cáo các vấn đề liên quan tới ứng dụng, xử lý phản hồi của khách hàng về ứng dụng
Support cho khách hàng HVBL về hướng dẫn sử dụng và báo cáo lỗi của ứng dụng
Xử lý tickets và trả lời các câu hỏi. Đề xuất hướng giải quyết, cải tiến
Quản lý chất lượng hỗ trợ và tìm giải pháp để tăng độ thoả mãn của khách hàng
Test và trình bày UAT/Pre-UAT theo yêu cầu của team Product
Test case và test kịch bản đã được dịch cho phần UAT
Chụp màn hình cho tính năng mới và làm hướng dẫn sử dụng cho web/ apps
Thực hiện công việc theo yêu cầu từ BGĐ
YÊU CẦU CÔNG VIỆC:
Khả năng giao tiếp tốt, xử lý tình huống tốt, khả năng làm việc theo nhóm
Tốt nghiệp Đại học chuyên ngành CNTT
Có kinh nghiệm ít nhất 2 năm cho vị trí tương đương
Có kiến thức tốt về các loại hệ điều hành. Ưu tiên các chứng chỉ MCSE, CCNP …
Có khả năng đọc hiểu tiếng Anh
QUYỀN LỢI & THU NHẬP
Mức lương: thỏa thuận
Tham gia đầy đủ BHYT, BHXH, BHTN… chế độ theo công ty
Được tham gia các khoá đào tạo phát triển bản thân nâng cao kiến thức
Tham gia hoạt động Teambuilding – Company trip, gắn kết nhân viên hàng tháng
Xét tăng lương theo năng lực và kết quả công việc định kỳ 1 lần/ năm hoặc tăng lương đột xuất theo hiệu quả công việc
Chính sách nghỉ phép, nghỉ lễ theo Luật quy định
Địa điểm làm việc: HCM
THÔNG TIN LIÊN HỆ
Ms. Thúy Anh:
0762 914 145
Email: hr@pvs.com.vn
https://pvssolution.com/
Địa chỉ: Tầng 4, Tòa nhà THM, 793/49A Trần Xuân Soạn, Phường Tân Hưng, Hồ Chí Minh
NỘP HỒ SƠ ỨNG TUYỂN
Chuyên Ngành
Viễn ThôngPhần MềmKhác",,linkedin
Junior Web Developer,Endava,,"Ho Chi Minh City, Ho Chi Minh City, Vietnam",,,,,"['Python', 'React', 'Docker', 'Kubernetes', 'K8s', 'MongoDB', 'MySQL', 'Elasticsearch', 'Agile', 'REST', 'API']",Full-time,Entry level,2026-06-07,,"Technology is our how. And people are our why.
By combining world-class engineering, industry expertise and a people-centric mindset, we consult and partner with our customers to create technological solutions that drive innovation and transform businesses.
From ideation to production, we support businesses with bespoke solutions across various industries, including payments, insurance, finance and banking, technology, media, telecommunications, retail and consumer goods, supply chain, healthcare and life sciences, automotive and travel.
Job Description
Development is the largest discipline at Endava. Our developers design, build, and release software products in multiple programming languages, frameworks, and libraries. Always collaborating with cross-functional project teams, our developers are adaptable problem-solvers with a client-oriented mindset.
As a Web Developer, your job will be involved in improving web tools and services like Exhibit, OTB Visualizer, Result Web, ... to support the existing CI engine in Radio 5G system. By joining the team, you have a chance to work with cutting-edge technologies and world-class international experts from a world-leading equipment provider. Your responsibilities include but not limited to the following:
Understand the requirement, design, implement and test new requirements
Troubleshoot issue, suggest and implement solution when needed
Take design ownership and make architecture changes in the long-term
Continuously improve together with the team
At Endava, you will live with Agile & Lean principles where employees are empowered at all levels to collaborate cross-functionally, to take pride in collective ownership, to improve yourself by continuously learning, practicing & sharing with others.
Qualifications
If you are studying or have just graduated from University with a Bachelor Degree in either Information Technology, Computer Science, Electronic and Telecommunication or a related degree with:
Strong IT background;
Web development passion;
Frontend:
ReactJS,
Backend:
Python Fast API
Database:
Mysql, OpenSearch (ElasticSearch), MongoDB
Authentication:
Keycloak
Deployment:
K8s, Docker, Kubernetes
High teamwork spirit;
Eager to learn new technologies;
Basic English communication;
Knowledge about CI, Cloud Native and Telecommunication is an advantage;
Additional Information
Discover some of the global benefits that empower our people to become the best version of themselves:
Finance:
Competitive salary package, share plan, company performance bonuses, value-based recognition awards, referral bonus;
Career Development
:
Career coaching, global career opportunities, non-linear career paths, internal development programmes for management and technical leadership;
Learning Opportunities:
Complex projects, rotations, internal tech communities, training, certifications, coaching, online learning platforms subscriptions, pass-it-on sessions, workshops, conferences;
Work-Life Balance:
Hybrid work and flexible working hours, employee assistance programme;
Health
:
Global internal wellbeing programme, access to wellbeing apps;
Community:
Global internal tech communities, hobby clubs and interest groups, inclusion and diversity programmes, events and celebrations.
Additional Local Benefits
Annual leave encashment.
​​​​​​​13th month salary
Premium annual health check & Extra health & accident insurance.
Welcome kit and gift-giving frequency.
Attractive benefits of Trade Union.
Exciting English programme.
At Endava, we’re committed to creating an open, inclusive, and respectful environment where everyone feels safe, valued, and empowered to be their best. We welcome applications from people of all backgrounds, experiences, and perspectives—because we know that inclusive teams help us deliver smarter, more innovative solutions for our customers. Hiring decisions are based on merit, skills, qualifications, and potential. If you need adjustments or support during the recruitment process, please let us know.","Annual leave encashment.
​​​​​​​13th month salary
Premium annual health check & Extra health & accident insurance.
Welcome kit and gift-giving frequency.
Attractive benefits of Trade Union.
Exciting English programme.
At Endava, we’re committed to creating an open, inclusive, and respectful environment where everyone feels safe, valued, and empowered to be their best. We welcome applications from people of all backgrounds, experiences, and perspectives—because we know that inclusive teams help us deliver smarter, more innovative solutions for our customers. Hiring decisions are based on merit, skills, qualifications, and potential. If you need adjustments or support during the recruitment process, please let us know.",linkedin
"Customer Service Expert (Remote within APAC region, Contract)",INFUSE,,"Haiphong, Hai Phong City, Vietnam",,,,,"['Scala', 'REST', 'Machine Learning', 'Security']",Full-time,Mid-Senior level,2026-06-19,,"OUR HIRING PROCESS:
We will review your application against our job requirements. We do not employ machine learning technologies during this phase as we believe every human deserves attention from another human. We do not think machines can evaluate your application quite like our seasoned recruiting professionals—every person is unique. We promise to give your candidacy a fair and detailed assessment.
We may then invite you to submit a video interview for the review of the hiring manager. This video interview is often followed by a test or short project that allows us to determine whether you will be a good fit for the team.
At this point, we will invite you to interview with our hiring manager and/or the interview team. Please note: We do not conduct interviews via text message, Telegram, etc. and we never hire anyone into our organization without having met you face-to-face (or via Zoom). You will be invited to come to a live meeting or Zoom, where you will meet our INFUSE team.
From there on, it’s decision time! If you are still excited to join INFUSE and we like you as much, we will have a conversation about your offer. We do not make offers without giving you the opportunity to speak with us live.
INFUSE is committed to complying with applicable data privacy and security laws and regulations. For more information, please see our Privacy Policy
INFUSE
is a demand generation company providing solutions to B2B organizations. We help clients and partners to deliver audience, buyers, and account engagement that meets their goals. With a global team operating across more than 60 countries, the company has been recognized multiple times on the prestigious Inc. 5000 list, and has received over 60 other industry awards, including Inc. Best Workplaces.
Are you driven by the desire to deliver exceptional client experiences and thrive in a dynamic environment? At INFUSE, we're seeking a passionate Client Success Specialist to join our team, where your efforts directly contribute to our clients' satisfaction and our company's success. This position offers an enriching path to professional growth and the unique opportunity to work with a variety of industries, ensuring no two days are the same. INFUSE has built a reputation as a beloved employer by prioritizing employee satisfaction and creating a workplace where everyone feels valued and connected. Joining our team means becoming part of a supportive community that celebrates every success and encourages continuous improvement. You'll discover how our employees love their jobs, driven by the meaningful connections they make and the positive impact they have on our clients' businesses.
Key Responsibilities
Build and maintain strong, long-lasting client relationships
Ensure the timely and successful delivery of our solutions according to client needs and objectives
Communicate clearly the progress of monthly/quarterly initiatives to internal and external stakeholders
Identify and grow opportunities within the territory and collaborate with sales teams to ensure growth attainment
Assist with challenging client requests or issue escalations as needed
Provide assistance across a variety of administrative and operational tasks, such as data entry, updating internal systems, or managing schedules.
Requirements
Proven track record of managing client relationships, preferably in a related field such as hospitality, client success, or sales
Strong communication and interpersonal skills
Can handle various tasks with attention to detail, managing priorities effectively in a fast-paced environment.
Empathetic understanding of client needs and the ability to address them effectively
Ability to address challenges and proactively offer solutions.
If you're passionate about building meaningful relationships and delivering top-notch client experiences, we'd love to hear from you. Apply now to embark on a rewarding career journey with INFUSE, where your ambitions and contributions are recognized and valued. Don't miss your chance to be part of a team that genuinely enjoys making a difference. Submit your application today!
We are an Equal Opportunity Employer. We make hiring decisions based on qualifications, merit, and business needs. We do not discriminate on the basis of race, color, religion, sex (including pregnancy, sexual orientation, and gender identity), national origin, age, disability, genetic information, or any other characteristic protected under applicable law. We welcome applicants from all backgrounds and believe that diversity of experience, culture, and perspective makes us stronger.",,linkedin
Tuyển dụng: Nhân viên lái xe,VNGROUP,,Hanoi Capital Region,,,,,[],Full-time,Not Applicable,2025-08-25,,"Số lượng:
01 người
Mô Tả Công Việc
– Tham gia đưa đón đoàn công tác của công ty đến các tỉnh, khu vực khi có nhu cầu.
– Tham gia đưa đón các cấp lãnh đạo của Công ty.
– Thực hiện các công việc như: bảo hành, bảo dưỡng, sửa chữa theo định kỳ hoặc phát sinh.
– Thực hiện các công việc như đăng kiểm, đăng ký xe theo quy định
– Thực hiện các công việc khác theo yêu cầu của Ban lãnh đạo hoặc phòng HCNS.
Yêu Cầu
– Nam: Tuổi từ 25-35; cao 1m65, cân nặng 55kg trở lên.
– Có bằng lái xe hạng C
– Có ít nhất 1 năm lái xe văn phòng, xe số tự động
– Thông thạo đường phố Hà Nội.
– Có thể đi công tác ngắn ngày.
– Chịu được áp lực trong công việc.
Quyền Lợi
– Lương tháng thứ 13 và thưởng năm, nghỉ lễ 30/4, 1/5, 2/9, Tết dương lịch, Tết nguyên đán
– Môi trường làm việc trẻ trung, hiện đại, năng động và chuyên nghiệp
– Có chế độ đào tạo thường xuyên và hỗ trợ nhân viên tốt nhất
Thời gian làm việc:
full-time
Lương:
6 – 7 triệu đồng/tháng
Hồ Sơ
– Thư dự tuyển, CV
– Sơ yếu lí lịch có dán ảnh 4×6 (không quá 06 tháng)
– Bản sao giấy khai sinh, các văn bằng, chứng chỉ.
– Giấy khám sức khỏe không quá 06 tháng.
– Chứng minh thư, hộ khẩu photo công chứng.
– Đơn xin việc.
Hồ sơ ghi rõ vị trí dự tuyển gửi trực tuyến qua địa chỉ email: tuyendung@vngvietnam.com.vn hoặc nộp trực tiếp tại công ty cổ phần bất động sản VNG Việt Nam
Hotline tuyển dụng: 0898580666
Hạn nộp hồ sơ:
25/08/2018",,linkedin
